factor,horizon,observations,coverage_rate,missing_rate,pearson_ic,spearman_ic,rolling_rank_ic_mean,rolling_rank_ic_std,icir,prediction_score,stability_score,monotonicity_score,non_redundancy_score,low_turnover_score,explainability_score,factor_score,suitable_for_model,overfit_risk
adx_14d,5,2013,0.9848336594911937,0.015166340508806275,0.07639173015447745,0.09367734513992121,0.10081246546046702,0.12473002651238747,0.8082453622380565,1.0,0.8333333333333333,0.8999999999999998,0.6608003097006794,0.8546610169491524,0.7,0.8562528148166836,True,low
amihud_illiquidity_20d,5,2019,0.9877690802348337,0.012230919765166326,0.07135123772510092,0.08777658291111526,0.1526749337596278,0.10793395122096763,1.4145218629777043,1.0,0.9444444444444444,0.8999999999999998,0.2193505740434094,0.9027219991075413,0.7,0.8170636749061543,True,low
downside_vol_5d,5,2035,0.9955968688845401,0.0044031311154598685,0.08611342457313344,0.09282182411224849,0.08247280533110207,0.05494351953709556,1.5010470029212435,1.0,0.9444444444444444,0.8999999999999998,0.2246159257232303,0.6942458290772897,0.9,0.8170058606551024,True,low
max_drawdown_5d,5,2035,0.9955968688845401,0.0044031311154598685,-0.07023600290568674,-0.0851203772457729,-0.0898204585946531,0.06630071414542081,-1.3547434556684443,1.0,0.8888888888888888,0.7,0.2246159257232303,0.6300988875154513,0.9,0.7694800553878074,True,low
downside_vol_10d,5,2030,0.9931506849315068,0.006849315068493178,0.06116925362074708,0.06748282620726541,0.05375288119196995,0.07956104379527457,0.6756180993588541,0.8435353275908176,0.9444444444444444,0.7,0.22712793211946913,0.8129496402877698,0.9,0.7523136410128315,True,low
dist_to_low_60d,5,1979,0.9681996086105675,0.03180039138943247,-0.092904196608292,-0.05924344824387771,-0.1326699363807249,0.13310316871885064,-0.9967451388100247,0.7405431030484714,0.8888888888888888,0.7999999999999999,0.14458597090745184,0.8248752079866888,0.9,0.7141161251271056,True,medium
lower_shadow_pct,5,2039,0.9975538160469667,0.0024461839530333096,0.04513167866100218,0.05452430048979386,0.04305904605494439,0.07199366972525126,0.5980948911101519,0.6815537561224233,0.8333333333333333,0.9999999999999999,0.4926221407666521,0.3944015444015444,0.7,0.7044662690585458,True,low
atr_14d,5,2026,0.9911937377690803,0.008806262230919737,-0.05374953347253102,-0.05358374608088134,-0.0754170807347584,0.11370541896798485,-0.6632672516337415,0.6697968260110168,0.8333333333333333,0.7999999999999999,0.2193505740434094,0.9350529709811146,0.9,0.7040135976745946,True,low
vol_percentile_60d_252d,5,1728,0.8454011741682974,0.1545988258317026,-0.06476284657100799,-0.07424933219010324,-0.07286983889787829,0.10231664000836796,-0.7121992951676154,0.9281166523762905,0.875,0.3,0.25451424381216925,0.9139841688654354,0.7,0.6980105491712559,True,low
downside_vol_20d,5,2020,0.9882583170254403,0.011741682974559686,0.06198983096138363,0.059155510424709734,0.06677450009744615,0.13957083725678857,0.47842730909890213,0.7394438803088716,0.7562050868766799,0.7,0.17824745622350602,0.8861646234676007,0.9,0.6834277622482835,True,medium
volume_ratio_60d,5,1980,0.9686888454011742,0.03131115459882583,0.04698056021708883,0.059487726495554206,0.07793266876788141,0.09899925139136284,0.7872046270309537,0.7435965811944276,0.8888888888888888,0.7999999999999999,0.03012869613171787,0.5565217391304348,0.9,0.6710282304689071,True,medium
gap_risk_20d,5,2020,0.9882583170254403,0.011741682974559686,-0.043607107642794546,-0.056461479211500264,-0.13896869516965019,0.10387806700515423,-1.3378059409091125,0.7057684901437533,0.9444444444444444,0.3,0.38729421389274055,0.919164396003633,0.7,0.6656300076162892,True,low
ret_5d,5,2034,0.9951076320939335,0.004892367906066508,-0.06591833499840434,-0.06070621962536197,-0.08363772052894518,0.07596165758996319,-1.1010518093275024,0.7588277453170246,0.8888888888888888,0.7,0.0,0.5941690962099125,0.9,0.6598430109938763,True,medium
turnover_chg_5d,5,2034,0.9951076320939335,0.004892367906066508,-0.07235023217945627,-0.06535048720204463,-0.050915742606111224,0.10562755630293742,-0.48203086758995006,0.8168810900255579,0.8153642009232833,0.7,0.04281066649391796,0.4782914808730345,0.9,0.6573879152537151,True,medium
ma_gap_5d,5,2035,0.9955968688845401,0.0044031311154598685,-0.04847714163558495,-0.054350638898622836,-0.08007881756274753,0.0644332635392252,-1.2428179664374404,0.6793829862327855,0.8333333333333333,0.8999999999999998,0.05806344310784928,0.5316818774445893,0.9,0.6573592667471386,True,medium
momentum_accel_5_20,5,2019,0.9877690802348337,0.012230919765166326,-0.06680233720485555,-0.05985224078872602,-0.06593552820270553,0.10520182230750645,-0.6267527192635031,0.7481530098590753,0.8333333333333333,0.7,0.15596236575060352,0.5892805126711331,0.7,0.648434975754093,True,medium
amount_chg_5d,5,2034,0.9951076320939335,0.004892367906066508,-0.03147716811908985,-0.057020428354562495,-0.0517305326868904,0.10002122852514783,-0.5171955338849298,0.7127553544320312,0.8888888888888888,0.7,0.04281066649391796,0.4709960711809569,0.9,0.6401255911995705,True,medium
short_reversal_5d,5,2034,0.9951076320939335,0.004892367906066508,0.06591833499840434,0.06070621962536197,0.08363772052894522,0.07596165758996327,1.1010518093275017,0.7588277453170246,0.8888888888888888,0.7,0.0,0.5941690962099125,0.7,0.6398430109938763,True,medium
log_ret_5d,5,2034,0.9951076320939335,0.004892367906066508,-0.0599563509583891,-0.06070621962536197,-0.08363772052894518,0.07596165758996319,-1.1010518093275024,0.7588277453170246,0.8888888888888888,0.7,0.0,0.5941690962099125,0.7,0.6398430109938763,True,medium
turnover_ratio_20d,5,2020,0.9882583170254403,0.011741682974559686,0.03761596051424559,0.04535977853537025,0.050587272956467526,0.10067213050471319,0.502495305332782,0.5669972316921281,0.8888888888888888,0.9999999999999999,0.0005185801564061565,0.49377897048060504,0.9,0.6373326313569375,True,medium
amount_ratio_60d,5,1980,0.9686888454011742,0.03131115459882583,0.021366463332714775,0.046574692402933646,0.05187885854746257,0.09611645842427392,0.5397500011752484,0.5821836550366706,0.8333333333333333,0.8999999999999998,0.03012869613171787,0.5859421145894862,0.9,0.6294352790563741,True,medium
max_drawdown_10d,5,2030,0.9931506849315068,0.006849315068493178,-0.03834890869365446,-0.050322578618465945,-0.057624855489251364,0.0757178942230597,-0.7610467258834814,0.6290322327308243,0.7777777777777778,0.49999999999999994,0.22944789745073246,0.7722095671981777,0.9,0.6209033667122305,True,low
atr_pct_14d,5,2026,0.9911937377690803,0.008806262230919737,0.04613285733093692,0.05973218215746475,0.03561049725502532,0.13543557193654499,0.2629331182778904,0.7466522769683094,0.4851553405001126,0.7,0.10748918657351203,0.8686350021394951,0.9,0.6190136293904916,True,high
ret_60d,5,1979,0.9681996086105675,0.03180039138943247,-0.10113212681688041,-0.0541299291236547,-0.12686749692123941,0.09970417942191546,-1.2724391059313338,0.6766241140456837,0.9444444444444444,0.3,0.0,0.8434708634623564,0.9,0.6112232094488296,True,medium
volume_ratio_20d,5,2020,0.9882583170254403,0.011741682974559686,0.03110484074633896,0.04234683685200535,0.049589638328718225,0.1004725535188087,0.4935640291000958,0.5293354606500669,0.826897362433429,0.8999999999999998,0.0005185801564061565,0.4930572472594397,0.9,0.5985636224311107,True,medium
log_ret_60d,5,1979,0.9681996086105675,0.03180039138943247,-0.08730383308291353,-0.0541299291236547,-0.12686749692123941,0.09970417942191546,-1.2724391059313338,0.6766241140456837,0.9444444444444444,0.3,0.0,0.8434708634623564,0.7,0.5912232094488296,True,medium
price_volume_divergence_20d,5,2019,0.9877690802348337,0.012230919765166326,-0.03269542686145448,-0.04741891964160925,-0.04870076755605668,0.08539964911410863,-0.5702689421005005,0.5927364955201156,0.8333333333333333,0.09999999999999999,0.4252766592099423,0.8233618233618234,0.7,0.575615296540375,True,high
ma_gap_10d,5,2030,0.9931506849315068,0.006849315068493178,-0.042207630672758095,-0.0323147122336203,-0.06934428885012404,0.05910688430892761,-1.1732015595288308,0.4039339029202537,0.8333333333333333,0.7999999999999999,0.08561738165866384,0.627003699136868,0.9,0.5733898147052292,True,medium
ret_3d,5,2036,0.9960861056751468,0.003913894324853229,-0.04988214599851745,-0.050190273216762546,-0.07796935709423024,0.05967405738811257,-1.3065871587569007,0.6273784152095319,0.8333333333333333,0.49999999999999994,0.0,0.5345911949685535,0.9,0.5733393107263814,True,medium
volatility_10d,5,2029,0.9926614481409002,0.007338551859099818,0.07107386181589614,0.057256728887350436,0.01481110689484828,0.10513930214419133,0.14087126880998188,0.7157091110918804,0.47420460214331517,0.6,0.0,0.7975676735974891,0.9,0.569310421115976,True,medium
ma_slope_60d,5,1961,0.9593933463796478,0.04060665362035221,-0.0714713963945431,-0.041256507207177044,-0.11950823601319402,0.10613016459802821,-1.126053431329686,0.5157063400897131,0.8888888888888888,0.19999999999999998,0.13597105501788065,0.9501934235976789,0.9,0.5679046804171416,True,high
momentum_accel_20_60,5,1979,0.9681996086105675,0.03180039138943247,0.05471309767923257,0.04430824957659581,-0.015158650789006944,0.14569702656997444,-0.10404227969420257,0.5538531197074475,0.38182005747198033,0.9999999999999999,0.19076027554724895,0.7568702290076336,0.7,0.566821011639481,True,medium
max_drawdown_60d,5,1980,0.9686888454011742,0.03131115459882583,-0.025802640094059835,-0.037262037264832064,-0.07037440576603726,0.1188983246097396,-0.5918872784543215,0.4657754658104008,0.7777777777777778,0.3,0.2594319902516926,0.9398389388915206,0.9,0.5631868877255817,True,low
ma_gap_60d,5,1980,0.9686888454011742,0.03131115459882583,-0.06595842739306064,-0.048730201997086095,-0.1254446665526693,0.08308150788042981,-1.5098987699309476,0.6091275249635761,0.9444444444444444,0.09999999999999999,0.03596916450417409,0.8094655242758058,0.9,0.5629690734811684,True,high
volatility_5d,5,2034,0.9951076320939335,0.004892367906066508,0.07270244704363658,0.05375551030766333,0.01747555044346536,0.08497274547058038,0.20566065444496928,0.6719438788457917,0.5389939877783025,0.6,0.0,0.6855028590649176,0.9,0.5579322471158897,True,medium
log_ret_3d,5,2036,0.9960861056751468,0.003913894324853229,-0.04691546309866772,-0.050190273216762546,-0.07796935709423024,0.05967405738811257,-1.3065871587569007,0.6273784152095319,0.8333333333333333,0.49999999999999994,0.0,0.5345911949685535,0.7,0.5533393107263814,True,medium
short_reversal_3d,5,2036,0.9960861056751468,0.003913894324853229,0.04988214599851745,0.050190273216762546,0.07796935709423025,0.0596740573881126,1.3065871587569002,0.6273784152095319,0.8333333333333333,0.49999999999999994,0.0,0.5345911949685535,0.7,0.5533393107263814,True,medium
amount_ratio_20d,5,2020,0.9882583170254403,0.011741682974559686,0.025358540117221745,0.039697818803197296,0.036764760350138065,0.09876192689999544,0.3722564099763404,0.49622273503996617,0.7611452988652293,0.7,0.017290777386994693,0.5103378719112456,0.9,0.5497232840842095,False,medium
realized_vol_10d,5,2029,0.9926614481409002,0.007338551859099818,0.07107386181589614,0.057256728887350436,0.01481110689484828,0.10513930214419133,0.14087126880998188,0.7157091110918804,0.47420460214331517,0.6,0.0,0.7975676735974891,0.7,0.5493104211159759,False,medium
ma_slope_5d,5,2031,0.9936399217221135,0.006360078277886538,-0.03239802208480689,-0.03671103391586243,-0.06648012688147004,0.07114541851197342,-0.9344259724929689,0.4588879239482804,0.8333333333333333,0.39999999999999997,0.12984639097696837,0.7145365168539325,0.9,0.5452636541830893,False,medium
dist_to_high_20d,5,2019,0.9877690802348337,0.012230919765166326,-0.019704122088601037,-0.028868476121394405,-0.07091567996623324,0.11455051301158649,-0.6190778033360733,0.36085595151743005,0.7777777777777778,0.6,0.1777701298193758,0.7090781633368384,0.9,0.5413856768173747,False,medium
realized_vol_5d,5,2034,0.9951076320939335,0.004892367906066508,0.07270244704363658,0.05375551030766333,0.01747555044346536,0.08497274547058038,0.20566065444496928,0.6719438788457917,0.5389939877783025,0.6,0.0,0.6855028590649176,0.7,0.5379322471158897,False,medium
ma_slope_20d,5,2001,0.9789628180039139,0.021037181996086063,-0.05795793479303331,-0.03624281224999524,-0.07318031575566235,0.09929622119690003,-0.7369899365107662,0.45303515312494047,0.8888888888888888,0.09999999999999999,0.11824013178659187,0.9101225601452564,0.9,0.5274365994977743,False,high
macd_dea,5,2039,0.9975538160469667,0.0024461839530333096,-0.035035974354987155,-0.027260913736708935,-0.09627164889584294,0.08669914753539675,-1.1104105591873095,0.3407614217088617,1.0,0.19999999999999998,0.0593643433672536,0.926530612244898,0.9,0.5237861392422363,False,high
ret_120d,5,1919,0.9388454011741683,0.06115459882583174,-0.052703650367384086,-0.026754964046236902,-0.16747306653009952,0.08392270292280771,-1.9955633064409475,0.33443705057796125,0.9444444444444444,0.3,0.0,0.8697421981004071,0.9,0.5111942238723179,False,medium
kdj_j,5,2031,0.9936399217221135,0.006360078277886538,-0.0287876991834256,-0.033742322230656235,-0.06267370796983619,0.09896382371359201,-0.6332991755777155,0.42177902788320293,0.8333333333333333,0.3,0.08765169164302755,0.6720607661822986,0.9,0.5085542053963115,False,medium
upper_shadow_pct,5,2039,0.9975538160469667,0.0024461839530333096,0.028358027425952316,0.037523629090633046,0.02148484852497652,0.0840423658795692,0.25564307120725066,0.46904536363291305,0.5334208489850285,0.6,0.397520459353923,0.40672904638662155,0.7,0.5076987524286302,False,low
ma_slope_120d,5,1901,0.9300391389432485,0.06996086105675148,-0.03760845444641035,-0.02270094495640341,-0.16415665928098297,0.09232413388631401,-1.7780471082796403,0.2837618119550426,0.9444444444444444,0.19999999999999998,0.06942105744512006,0.9665144596651446,0.9,0.5010820370586841,False,high
macd_dif,5,2039,0.9975538160469667,0.0024461839530333096,-0.03834644659518945,-0.021448276587570203,-0.09216175130593102,0.08711142800590621,-1.0579754392234553,0.26810345734462754,1.0,0.19999999999999998,0.0593643433672536,0.9039823008849557,0.9,0.4997339187969719,False,high
dist_to_high_250d,5,1789,0.8752446183953033,0.12475538160469668,-0.029052033102751475,-0.02263147524070794,-0.13356912790621756,0.11994479791706669,-1.1135883358490555,0.28289344050884924,0.9375,0.19999999999999998,0.1448113341859124,0.8449575871819038,0.9,0.498585490998732,False,high
trend_consistency_60d,5,1980,0.9686888454011742,0.03131115459882583,0.04790837844291262,0.04932244035498352,-0.05575848664024553,0.09896230136998764,-0.5634315882750424,0.616530504437294,0.5555555555555556,0.0,0.2819871213344808,0.8475010679196925,0.7,0.49311843743444067,False,high
log_ret_120d,5,1919,0.9388454011741683,0.06115459882583174,-0.039188548059756044,-0.026754964046236902,-0.16747306653009952,0.08392270292280771,-1.9955633064409475,0.33443705057796125,0.9444444444444444,0.3,0.0,0.8697421981004071,0.7,0.491194223872318,False,medium
kbar_body,5,2039,0.9975538160469667,0.0024461839530333096,-0.018627253023621282,-0.024092355632937663,-0.027534602408154123,0.0611878483971734,-0.45000115430478344,0.30115444541172076,0.7833344876381167,0.7999999999999999,0.08808460688155884,0.38244103332085366,0.7,0.4884700255154588,False,medium
dist_to_high_120d,5,1919,0.9388454011741683,0.06115459882583174,-0.016723241544420998,-0.01326656110180079,-0.09946865680256632,0.09312491956011275,-1.0681207272169362,0.16583201377250986,0.9444444444444444,0.3,0.1448113341859124,0.8449033391915642,0.9,0.47985052706768516,False,medium
ma_gap_120d,5,1920,0.9393346379647749,0.0606653620352251,-0.05356130346209578,-0.01786270297673872,-0.14883194974374284,0.10431972676557422,-1.42669037159382,0.22328378720923397,0.9444444444444444,0.19999999999999998,0.10447109711711522,0.8570155902004455,0.9,0.4772462486392709,False,high
ma_gap_20d,5,2020,0.9882583170254403,0.011741682974559686,-0.01650951390437071,-0.006446867411262318,-0.06380633207873689,0.0677148434879312,-0.9422798428251417,0.08058584264077898,0.8888888888888888,0.7,0.04681348876550384,0.7205411178355287,0.9,0.47602966566838995,False,medium
volatility_60d,5,1979,0.9681996086105675,0.03180039138943247,-0.02625238648252326,-0.01646143331292875,-0.0711154904391375,0.1194293094674187,-0.5954609530631038,0.20576791641160938,0.8333333333333333,0.39999999999999997,0.0,0.9465393794749403,0.9,0.4730509795376435,False,medium
intraday_range,5,2039,0.9975538160469667,0.0024461839530333096,0.024931662268408296,0.040738178224193414,0.00945997331788185,0.09114758038708337,0.10378743218094721,0.5092272278024177,0.3260096544031694,0.39999999999999997,0.3879401977739567,0.46537585421412303,0.9,0.472698714308865,False,high
high_low_range_20d,5,2020,0.9882583170254403,0.011741682974559686,0.01406868815527834,0.0419482433897768,0.04059884631888948,0.18811778019654754,0.21581610348831118,0.5243530423722099,0.49359388126608894,0.19999999999999998,0.20291939874124532,0.8408807644370586,0.7,0.4705506752197734,False,high
dist_to_low_120d,5,1919,0.9388454011741683,0.06115459882583174,-0.053604126597642895,-0.018819458029061178,-0.12227357488929963,0.11709043907954905,-1.0442660891059539,0.23524322536326472,0.9444444444444444,0.09999999999999999,0.10447109711711522,0.8740909090909091,0.9,0.46754161197452654,False,high
trend_consistency_20d,5,2020,0.9882583170254403,0.011741682974559686,0.040664621124016434,0.037383385476101524,-0.030012279400019434,0.07188342080923157,-0.4175132327058805,0.46729231845126906,0.5841798993725471,0.09999999999999999,0.2995467960936885,0.755223880597015,0.7,0.46247808288364495,False,high
rsi_6d,5,2008,0.9823874755381604,0.017612524461839585,-0.014905362277137197,-0.023388876616943693,-0.03993880594440583,0.04091068218700821,-0.9762439492414279,0.29236095771179615,0.8888888888888888,0.19999999999999998,0.10185263895859664,0.6147265505652307,0.9,0.4622366159916292,False,high
gap_return,5,2038,0.99706457925636,0.0029354207436399493,0.0024118064251217974,0.024243277558906817,0.0043724946556404085,0.03763204439207669,0.11619072857389125,0.3030409694863352,0.393968506351669,0.49999999999999994,0.7107353412903603,0.3834741784037559,0.7,0.45966371115016397,False,low
realized_vol_60d,5,1979,0.9681996086105675,0.03180039138943247,-0.02625238648252326,-0.01646143331292875,-0.0711154904391375,0.1194293094674187,-0.5954609530631038,0.20576791641160938,0.8333333333333333,0.39999999999999997,0.0,0.9465393794749403,0.7,0.4530509795376435,False,medium
dist_to_high_60d,5,1979,0.9681996086105675,0.03180039138943247,-0.03938784215718976,-0.01753255551512648,-0.07432846811269052,0.11402743503610703,-0.6518472338622214,0.219156943939081,0.8333333333333333,0.09999999999999999,0.1785618776044967,0.802834008097166,0.9,0.44448143229878206,False,high
ma_slope_10d,5,2021,0.988747553816047,0.011252446183953047,0.026418737583964888,0.014644744440202563,-0.03432558678177599,0.11955709181763538,-0.2871062373625984,0.18305930550253202,0.3982173484737095,0.7,0.1508634875434709,0.8419958419958419,0.9,0.4363903686766063,False,high
kdj_k,5,2031,0.9936399217221135,0.006360078277886538,-0.014159867518408042,-0.02067164417907421,-0.06519754877389658,0.07779629084217402,-0.8380547204514337,0.25839555223842764,0.8333333333333333,0.09999999999999999,0.07674465668916075,0.7459677419354839,0.9,0.4352938050351175,False,high
volatility_20d,5,2019,0.9877690802348337,0.012230919765166326,0.04518922447264873,0.045503565474685675,0.008339287769297017,0.12285708531329753,0.06787795549626642,0.5687945684335709,0.3456557332740442,0.09999999999999999,0.0,0.8896218117854001,0.9,0.4337316983634201,False,high
dist_to_low_20d,5,2019,0.9877690802348337,0.012230919765166326,-0.013491549607903245,0.022318496589166216,-0.04186209029749492,0.09790644374838214,-0.42757237107988283,0.2789812073645777,0.5942390377465495,0.3,0.14872840349503846,0.7303249097472925,0.9,0.4328839212576682,False,high
close_zscore_60d,5,1980,0.9686888454011742,0.03131115459882583,-0.008995536855529509,-0.015382201467076646,-0.10137540688698488,0.08207482500479013,-1.235158367758546,0.19227751833845808,0.9444444444444444,0.09999999999999999,0.03596916450417409,0.7948717948717948,0.7,0.4164546985532319,False,high
ret_20d,5,2019,0.9877690802348337,0.012230919765166326,-0.009265943850599714,0.010953957437466971,-0.05426533173725134,0.09832282070780611,-0.5519098348339296,0.13692446796833713,0.6666666666666666,0.49999999999999994,0.0,0.7588147036759191,0.9,0.4152921440914264,False,high
realized_vol_20d,5,2019,0.9877690802348337,0.012230919765166326,0.04518922447264873,0.045503565474685675,0.008339287769297017,0.12285708531329753,0.06787795549626642,0.5687945684335709,0.3456557332740442,0.09999999999999999,0.0,0.8896218117854001,0.7,0.4137316983634201,False,high
downside_vol_60d,5,1980,0.9686888454011742,0.03131115459882583,0.019077774337934755,0.029120397578208626,-0.000655908816994147,0.12338015537729789,-0.005316161379343141,0.3640049697276078,0.28309393915712094,0.3,0.11649086740973447,0.9470167064439141,0.9,0.41299557950555815,False,medium
macd_hist,5,2039,0.9975538160469667,0.0024461839530333096,-0.017923250955446585,0.016198669620305327,-0.006832331185024978,0.09194768469135178,-0.07430672352392141,0.20248337025381657,0.29652894574614364,0.6,0.1740026545730068,0.8021201413427562,0.9,0.40636321254560037,False,high
max_drawdown_20d,5,2020,0.9882583170254403,0.011741682974559686,-0.016698201982042884,-0.016767951379716848,-0.04705632687175023,0.14009424250309963,-0.33589051220794525,0.2095993922464606,0.5581127344301675,0.09999999999999999,0.2379200647448153,0.8705376344086021,0.9,0.40224413771255424,False,high
ret_1d,5,2038,0.99706457925636,0.0029354207436399493,-0.016012080438671267,-0.01648129623553998,-0.02919398281122501,0.05459132554625902,-0.5347732907948337,0.20601620294424974,0.8333333333333333,0.3,0.0,0.38182498130142106,0.9,0.40165402568008374,False,medium
log_ret_20d,5,2019,0.9877690802348337,0.012230919765166326,-0.003356550417891616,0.010953957437466971,-0.05426533173725134,0.09832282070780611,-0.5519098348339296,0.13692446796833713,0.6666666666666666,0.49999999999999994,0.0,0.7588147036759191,0.7,0.3952921440914264,False,high
gap_abs,5,2038,0.99706457925636,0.0029354207436399493,-0.010292812746423465,0.02613721146560602,-0.006750722676206092,0.07377642172597916,-0.09150244100045496,0.32671514332007523,0.36928021877823275,0.09999999999999999,0.6370993018661102,0.41630988786952094,0.7,0.39406647081853774,False,high
ret_10d,5,2029,0.9926614481409002,0.007338551859099818,-0.0035685462075042826,-0.001724038108536668,-0.05888865872936867,0.07861450287910329,-0.7490813599614075,0.02155047635670835,0.8888888888888888,0.3,0.0,0.6806160026782725,0.9,0.3873045209526176,False,medium
log_ret_1d,5,2038,0.99706457925636,0.0029354207436399493,-0.01578547581705803,-0.01648129623553998,-0.02919398281122501,0.05459132554625902,-0.5347732907948337,0.20601620294424974,0.8333333333333333,0.3,0.0,0.38182498130142106,0.7,0.3816540256800837,False,medium
kdj_d,5,2031,0.9936399217221135,0.006360078277886538,0.0008255406343660685,-0.0020702973429944154,-0.05025284066231533,0.07726035131762601,-0.6504350524594463,0.025878716787430193,0.7777777777777778,0.19999999999999998,0.07674465668916075,0.8056215360253364,0.9,0.37539302269769237,False,high
dist_to_low_250d,5,1789,0.8752446183953033,0.12475538160469668,-0.019130539487524932,0.00873890311306402,-0.17405623424095112,0.1667046051637419,-1.0440997359970245,0.10923628891330024,0.5625,0.09999999999999999,0.2029636388537165,0.9046417759838546,0.9,0.37117961010043304,False,high
log_ret_10d,5,2029,0.9926614481409002,0.007338551859099818,0.0012950653382621255,-0.001724038108536668,-0.05888865872936867,0.07861450287910329,-0.7490813599614075,0.02155047635670835,0.8888888888888888,0.3,0.0,0.6806160026782725,0.7,0.36730452095261756,False,medium
rsi_14d,5,2025,0.9907045009784736,0.009295499021526377,0.00016786985047126455,-0.002734561272042764,-0.05408173382949693,0.08827685317905055,-0.6126377626964545,0.03418201590053455,0.8888888888888888,0.0,0.08799028761940009,0.7182300884955752,0.9,0.36305393454040574,False,high
vol_percentile_20d_252d,5,1768,0.8649706457925636,0.13502935420743645,0.014135603404818793,-0.010921573808831003,-0.012715822024949868,0.07570936326268012,-0.1679557385898391,0.13651967261038753,0.3554557385898391,0.39999999999999997,0.19389996584366687,0.8601941747572815,0.7,0.3571514618533623,False,high
boll_pos_20d,5,2020,0.9882583170254403,0.011741682974559686,0.01295531717673824,0.0011221849675900613,-0.05507990338316331,0.06209176264426153,-0.8870726331080208,0.014027312094875765,0.6666666666666666,0.39999999999999997,0.0,0.6787391012743125,0.9,0.35541543708922735,False,high
limit_up_20d_count,5,2020,0.9882583170254403,0.011741682974559686,0.0031990426510915275,0.004079282151075541,,,,0.050991026888444264,0.25,0.0,0.7493239583475815,0.9970443349753694,0.7,0.34740033531620745,False,high
close_zscore_20d,5,2020,0.9882583170254403,0.011741682974559686,0.01295531717673824,0.0011221849675900613,-0.05507990338316331,0.06209176264426153,-0.8870726331080208,0.014027312094875765,0.6666666666666666,0.39999999999999997,0.0,0.6787391012743125,0.7,0.33541543708922733,False,high
consecutive_down_days,5,2039,0.9975538160469667,0.0024461839530333096,-0.01592029424569595,0.0014299851744861846,0.028419569161598913,0.07392968849387253,0.3844134844955338,0.017874814681077305,0.7733023733844226,0.19999999999999998,0.13776606959988713,0.4528929283972512,0.7,0.3259771223609159,False,high
vol_percentile_10d_252d,5,1778,0.8698630136986302,0.13013698630136983,0.02729977235100686,0.004584685099064606,-0.00812924000456253,0.07440046229639799,-0.10926329963081557,0.057308563738307575,0.3592632996308156,0.39999999999999997,0.18207562016833967,0.7812362998684786,0.7,0.3244802020597542,False,medium
vol_percentile_5d_252d,5,1783,0.8723091976516634,0.12769080234833663,0.0325474951646823,0.003618634922956209,0.0008252671697334283,0.046888069194701516,0.01760079235309365,0.045232936536952616,0.20510079235309364,0.7,0.1298620730952127,0.6682872101720269,0.7,0.3158980714131891,False,high
consecutive_up_days,5,2039,0.9975538160469667,0.0024461839530333096,-0.04861295163269195,-0.007294831080179831,-0.022850459749947406,0.0840062649768113,-0.27200899547497964,0.09118538850224789,0.605342328808313,0.19999999999999998,0.13776606959988713,0.45139195757843564,0.7,0.31422818851016354,False,high
amount_ratio_5d,5,2035,0.9955968688845401,0.0044031311154598685,-0.00994487708791491,-0.01447695703753579,-0.007950058008904104,0.06638884880016306,-0.11974990005979103,0.1809619629691974,0.45308323339312434,0.19999999999999998,0.005952310496942337,0.43531169940222036,0.9,0.3093292520841475,False,high
intraday_strength,5,2039,0.9975538160469667,0.0024461839530333096,-0.006040177479645895,-9.619206142066662e-05,-0.011569080072083132,0.05401244012576179,-0.21419287936530643,0.0012024007677583328,0.4919706571430842,0.3,0.19676087408766396,0.3803760938372743,0.9,0.3013065921558214,False,medium
turnover_chg_1d,5,2038,0.99706457925636,0.0029354207436399493,-0.008410858236380726,-0.00629663366090062,0.0037521199959619288,0.041087090432185516,0.09132114142165469,0.07870792076125775,0.3690989191994325,0.39999999999999997,0.04480824055943233,0.3546370267453977,0.9,0.28961709882671843,False,medium
volume_ratio_5d,5,2035,0.9955968688845401,0.0044031311154598685,-0.005898609744516511,-0.011072879926343208,-0.0014091565731165771,0.06532985543349039,-0.02156987129033495,0.13841099907929008,0.41045876017922384,0.19999999999999998,0.005952310496942337,0.43089602704987323,0.9,0.2875975010391605,False,high
amount_chg_1d,5,2038,0.99706457925636,0.0029354207436399493,0.0039879978600487614,0.004753200982357831,0.007812485755703102,0.038322253291502614,0.20386290170039148,0.05941501227947289,0.48164067947816924,0.0,0.04480824055943233,0.34400269541778977,0.9,0.24527414520516955,False,high
