factor,year,ic,rank_ic,count
ret_1d,2018.0,0.06256241377289842,0.06445009073952726,242.0
ret_1d,2019.0,-0.06889076256777933,-0.07819758496723729,244.0
ret_1d,2020.0,-0.07199522315902694,-0.08001441806707578,243.0
ret_1d,2021.0,-0.04932398349142693,-0.03129155439140535,243.0
ret_1d,2022.0,-0.07674539000880423,-0.03878383144069049,242.0
ret_1d,2023.0,0.0017118248798691838,0.1019495427894774,242.0
ret_1d,2024.0,0.07745693671935663,0.030845390538729443,242.0
ret_1d,2025.0,-0.10005839844944144,-0.13306771975425724,243.0
ret_1d,2026.0,-0.08668802097425077,-0.05976488533557753,97.0
log_ret_1d,2018.0,0.061413342124468945,0.06445009073952726,242.0
log_ret_1d,2019.0,-0.07059299427008407,-0.07819758496723729,244.0
log_ret_1d,2020.0,-0.07103163282287321,-0.08001441806707578,243.0
log_ret_1d,2021.0,-0.04941821390130482,-0.03129155439140535,243.0
log_ret_1d,2022.0,-0.0784293754467248,-0.03878383144069049,242.0
log_ret_1d,2023.0,0.0031601526204106255,0.1019495427894774,242.0
log_ret_1d,2024.0,0.07985281726843864,0.030845390538729443,242.0
log_ret_1d,2025.0,-0.09957424648041681,-0.13306771975425724,243.0
log_ret_1d,2026.0,-0.08153459726099255,-0.05976488533557753,97.0
ret_3d,2018.0,0.07623838647685638,0.034165979986191884,240.0
ret_3d,2019.0,-0.06696651642386002,-0.10865767071856063,244.0
ret_3d,2020.0,-0.16575432386753416,-0.18231997069552955,243.0
ret_3d,2021.0,-0.0038654173555856836,0.030318920284146313,243.0
ret_3d,2022.0,-0.16084438260171344,-0.10803157100151947,242.0
ret_3d,2023.0,0.02848464671101036,0.09732980926241332,242.0
ret_3d,2024.0,-0.058707922164744276,-0.09888314785457965,242.0
ret_3d,2025.0,-0.10262941983819797,-0.16009741394738908,243.0
ret_3d,2026.0,-0.17133488890733345,-0.0745450241952451,97.0
log_ret_3d,2018.0,0.07573872683098326,0.034165979986191884,240.0
log_ret_3d,2019.0,-0.0744132757306198,-0.10865767071856063,244.0
log_ret_3d,2020.0,-0.15666316239272565,-0.18231997069552955,243.0
log_ret_3d,2021.0,-0.001256049032687012,0.030318920284146313,243.0
log_ret_3d,2022.0,-0.16564513084347024,-0.10803157100151947,242.0
log_ret_3d,2023.0,0.029099824026825132,0.09732980926241332,242.0
log_ret_3d,2024.0,-0.049642539726462424,-0.09888314785457965,242.0
log_ret_3d,2025.0,-0.10315806751083645,-0.16009741394738908,243.0
log_ret_3d,2026.0,-0.165382073354258,-0.0745450241952451,97.0
ret_5d,2018.0,0.052941716924017106,-0.009524949751561752,238.0
ret_5d,2019.0,-0.06313940171801104,-0.12406560681346006,244.0
ret_5d,2020.0,-0.215818888689695,-0.20831932506050735,243.0
ret_5d,2021.0,-0.0011736437121437693,0.03715328479362259,243.0
ret_5d,2022.0,-0.16046721641803138,-0.0815409216012762,242.0
ret_5d,2023.0,0.08098028936928829,0.13397015547147573,242.0
ret_5d,2024.0,-0.1251636960296863,-0.13558872838732622,242.0
ret_5d,2025.0,-0.1493396266095696,-0.17191203306454175,243.0
ret_5d,2026.0,-0.12338061419871066,-0.07558384178413632,97.0
log_ret_5d,2018.0,0.054578657281489557,-0.009524949751561752,238.0
log_ret_5d,2019.0,-0.0736220863932051,-0.12406560681346006,244.0
log_ret_5d,2020.0,-0.1993789116386313,-0.20831932506050735,243.0
log_ret_5d,2021.0,0.003996387989630599,0.03715328479362259,243.0
log_ret_5d,2022.0,-0.16575157893591722,-0.0815409216012762,242.0
log_ret_5d,2023.0,0.08215177208407533,0.13397015547147573,242.0
log_ret_5d,2024.0,-0.11751095667779686,-0.13558872838732622,242.0
log_ret_5d,2025.0,-0.1467439986028942,-0.17191203306454175,243.0
log_ret_5d,2026.0,-0.11467498644077721,-0.07558384178413632,97.0
ret_10d,2018.0,0.1190810379762608,0.1035313593581463,233.0
ret_10d,2019.0,0.02378751695946422,-0.023650509409090914,244.0
ret_10d,2020.0,-0.18687153977398005,-0.14071581855983248,243.0
ret_10d,2021.0,-0.025841707156141265,-0.003540120529688339,243.0
ret_10d,2022.0,-0.12477023953095179,-0.1147672711862326,242.0
ret_10d,2023.0,-0.0682674800557876,-0.05738385942154804,242.0
ret_10d,2024.0,-0.051530356079861665,-0.13860388930672754,242.0
ret_10d,2025.0,-0.013732786457961712,-0.02800149198559531,243.0
ret_10d,2026.0,0.02206580091561513,0.10365821586366504,97.0
log_ret_10d,2018.0,0.1127296723088431,0.1035313593581463,233.0
log_ret_10d,2019.0,0.010007289521510315,-0.023650509409090914,244.0
log_ret_10d,2020.0,-0.17358164488764474,-0.14071581855983248,243.0
log_ret_10d,2021.0,-0.014941352958571411,-0.003540120529688339,243.0
log_ret_10d,2022.0,-0.12857352482381293,-0.1147672711862326,242.0
log_ret_10d,2023.0,-0.06940028259225861,-0.05738385942154804,242.0
log_ret_10d,2024.0,-0.049007607823385355,-0.13860388930672754,242.0
log_ret_10d,2025.0,-0.01947690699816878,-0.02800149198559531,243.0
log_ret_10d,2026.0,0.046628955897522854,0.10365821586366504,97.0
ret_20d,2018.0,-0.02415893523044681,-0.03946387392857063,223.0
ret_20d,2019.0,0.028275274425678815,0.0064615537756866626,244.0
ret_20d,2020.0,-0.10273914398485642,-0.07102403401459537,243.0
ret_20d,2021.0,-0.020829898461980544,0.005261256378991103,243.0
ret_20d,2022.0,-0.05463179462835291,-0.03728004721340569,242.0
ret_20d,2023.0,-0.16761043293929867,-0.1266578353212328,242.0
ret_20d,2024.0,-0.059816735606203056,-0.10974451962191412,242.0
ret_20d,2025.0,0.00038864091188452063,0.009124614484933671,243.0
ret_20d,2026.0,-0.03809081542022992,-0.027995476541131915,97.0
log_ret_20d,2018.0,-0.03283905792820133,-0.03946387392857063,223.0
log_ret_20d,2019.0,0.016486838661837755,0.0064615537756866626,244.0
log_ret_20d,2020.0,-0.07512012054774964,-0.07102403401459537,243.0
log_ret_20d,2021.0,-0.012201096740907342,0.005261256378991103,243.0
log_ret_20d,2022.0,-0.06723602083850384,-0.03728004721340569,242.0
log_ret_20d,2023.0,-0.1602143828227859,-0.1266578353212328,242.0
log_ret_20d,2024.0,-0.05451486593645505,-0.10974451962191412,242.0
log_ret_20d,2025.0,0.007489139300941464,0.009124614484933671,243.0
log_ret_20d,2026.0,-0.0027169080428266676,-0.027995476541131915,97.0
ret_60d,2018.0,-0.273709822670822,-0.28262267924974116,183.0
ret_60d,2019.0,-0.3033339777385746,-0.27000565860831277,244.0
ret_60d,2020.0,-0.286197393740745,-0.20293094883258816,243.0
ret_60d,2021.0,-0.13536567591629137,-0.16597587064551794,243.0
ret_60d,2022.0,-0.05447287642757238,-0.09552713098544861,242.0
ret_60d,2023.0,0.1203869245772219,0.14368124854733683,242.0
ret_60d,2024.0,-0.13391683278259978,-0.14216225335679364,242.0
ret_60d,2025.0,-0.09838823377149694,-0.12963966540717656,243.0
ret_60d,2026.0,-0.46917276732724794,-0.47142594151062484,97.0
log_ret_60d,2018.0,-0.302611344723683,-0.28262267924974116,183.0
log_ret_60d,2019.0,-0.2793136886522762,-0.27000565860831277,244.0
log_ret_60d,2020.0,-0.25521390545270406,-0.20293094883258816,243.0
log_ret_60d,2021.0,-0.1370904157495483,-0.16597587064551794,243.0
log_ret_60d,2022.0,-0.0669983790927384,-0.09552713098544861,242.0
log_ret_60d,2023.0,0.11641932465663686,0.14368124854733683,242.0
log_ret_60d,2024.0,-0.14119595065143858,-0.14216225335679364,242.0
log_ret_60d,2025.0,-0.08964068466145488,-0.12963966540717656,243.0
log_ret_60d,2026.0,-0.4581235007337629,-0.47142594151062484,97.0
ret_120d,2018.0,-0.1485220569341618,-0.1622963717738711,123.0
ret_120d,2019.0,-0.3793829230006582,-0.3817536729324395,244.0
ret_120d,2020.0,-0.28094399964428274,-0.2627124030502073,243.0
ret_120d,2021.0,-0.22181665661812353,-0.261963064993368,243.0
ret_120d,2022.0,-0.14352223791381039,-0.19030787357205062,242.0
ret_120d,2023.0,0.004706829406288595,0.004271306044221925,242.0
ret_120d,2024.0,-0.16901745415365357,-0.21667833383890392,242.0
ret_120d,2025.0,-0.22599654571893865,-0.2040148128076593,243.0
ret_120d,2026.0,-0.2677871747417948,-0.2606774668630339,97.0
log_ret_120d,2018.0,-0.17881991853674886,-0.1622963717738711,123.0
log_ret_120d,2019.0,-0.3483025372959273,-0.3817536729324395,244.0
log_ret_120d,2020.0,-0.25627161225008027,-0.2627124030502073,243.0
log_ret_120d,2021.0,-0.21809048751330717,-0.261963064993368,243.0
log_ret_120d,2022.0,-0.15304486963876263,-0.19030787357205062,242.0
log_ret_120d,2023.0,0.006715149453217877,0.004271306044221925,242.0
log_ret_120d,2024.0,-0.1658485515732296,-0.21667833383890392,242.0
log_ret_120d,2025.0,-0.1944656785257051,-0.2040148128076593,243.0
log_ret_120d,2026.0,-0.24521373014095232,-0.2606774668630339,97.0
momentum_accel_5_20,2018.0,0.11371714358881972,0.07528208191441306,223.0
momentum_accel_5_20,2019.0,-0.09393099971587092,-0.15044298229309938,244.0
momentum_accel_5_20,2020.0,-0.19849037954692803,-0.2207110013866099,243.0
momentum_accel_5_20,2021.0,0.009861691014296216,0.051311257967989216,243.0
momentum_accel_5_20,2022.0,-0.15593693225823965,-0.11361233780446657,242.0
momentum_accel_5_20,2023.0,0.1667369760908656,0.21249038437520773,242.0
momentum_accel_5_20,2024.0,-0.11331067139660217,-0.09341118410120612,242.0
momentum_accel_5_20,2025.0,-0.1826461013507433,-0.21085921309468253,243.0
momentum_accel_5_20,2026.0,-0.12196072120936774,-0.09246791500105196,97.0
momentum_accel_20_60,2018.0,0.08073289277221495,0.08371492378475165,183.0
momentum_accel_20_60,2019.0,0.1736683847473674,0.11738679685596157,244.0
momentum_accel_20_60,2020.0,0.04847508767572369,-0.0004014311018781957,243.0
momentum_accel_20_60,2021.0,0.06842598311271167,0.11806423232155967,243.0
momentum_accel_20_60,2022.0,-0.02612820828248892,-0.04029523619615409,242.0
momentum_accel_20_60,2023.0,-0.2933056455006637,-0.26373081584951324,242.0
momentum_accel_20_60,2024.0,-0.005231402023991285,-0.0581721608922468,242.0
momentum_accel_20_60,2025.0,0.06686002878275009,0.08851304901975542,243.0
momentum_accel_20_60,2026.0,0.12600924462258006,0.08823374710709024,97.0
ma_gap_5d,2018.0,0.07024582246545256,0.028440474429839706,239.0
ma_gap_5d,2019.0,-0.07684777051486635,-0.13082124167213938,244.0
ma_gap_5d,2020.0,-0.16494985875460116,-0.18721993908283027,243.0
ma_gap_5d,2021.0,-0.007908858423516943,0.014813643974101003,243.0
ma_gap_5d,2022.0,-0.1675944854637927,-0.10094871342199395,242.0
ma_gap_5d,2023.0,0.03170207764936319,0.1158341451312657,242.0
ma_gap_5d,2024.0,-0.03210082378796178,-0.10328527389771915,242.0
ma_gap_5d,2025.0,-0.12505037999556012,-0.15706995438739102,243.0
ma_gap_5d,2026.0,-0.16254526006277556,-0.09887176520092572,97.0
ma_slope_5d,2018.0,0.04596277601082312,-0.0045465925175414675,235.0
ma_slope_5d,2019.0,-0.030063838396724756,-0.07745189150341375,244.0
ma_slope_5d,2020.0,-0.1546697842363405,-0.1384862033148173,243.0
ma_slope_5d,2021.0,0.0224813812340878,0.044479402402899666,243.0
ma_slope_5d,2022.0,-0.08783067482961483,-0.05819162326140826,242.0
ma_slope_5d,2023.0,0.06885245427954514,0.07762481684272203,242.0
ma_slope_5d,2024.0,-0.1575012286957512,-0.20540587682557132,242.0
ma_slope_5d,2025.0,-0.08781087607095686,-0.10075418868265366,243.0
ma_slope_5d,2026.0,0.015566310250140027,0.0013807069219440352,97.0
ma_gap_10d,2018.0,0.08250660107419312,0.030621742040946594,234.0
ma_gap_10d,2019.0,-0.05945914092567605,-0.10515924645510906,244.0
ma_gap_10d,2020.0,-0.19075851316459383,-0.1508285370679807,243.0
ma_gap_10d,2021.0,-0.0013137940901443337,0.04311119139733148,243.0
ma_gap_10d,2022.0,-0.1558330583876049,-0.09106827527549269,242.0
ma_gap_10d,2023.0,0.03784273333719328,0.07876958952024965,242.0
ma_gap_10d,2024.0,-0.09789937021124918,-0.13297231779048962,242.0
ma_gap_10d,2025.0,-0.11597859282319367,-0.1193655381434815,243.0
ma_gap_10d,2026.0,-0.0870286417205735,-0.0028534609720176725,97.0
ma_slope_10d,2018.0,-0.005922335148425436,-0.017843461212179938,225.0
ma_slope_10d,2019.0,0.11981759922550882,0.04374723781437286,244.0
ma_slope_10d,2020.0,-0.060475244511780435,-0.019596528290020586,243.0
ma_slope_10d,2021.0,-0.03877561794499794,-0.003600335194970068,243.0
ma_slope_10d,2022.0,-0.031674890439314915,-0.05593425346977467,242.0
ma_slope_10d,2023.0,-0.26807314377603636,-0.23590826746868498,242.0
ma_slope_10d,2024.0,0.03372463311702897,-0.03459593516707348,242.0
ma_slope_10d,2025.0,0.12884950516713534,0.11683652220164889,243.0
ma_slope_10d,2026.0,0.006279930713648558,-0.020460761624237322,97.0
ma_gap_20d,2018.0,0.06105747227611233,0.026087464836223002,224.0
ma_gap_20d,2019.0,0.019564942624716836,-0.03465463902622372,244.0
ma_gap_20d,2020.0,-0.1636421294714522,-0.10678150941439564,243.0
ma_gap_20d,2021.0,-0.023071543786033866,0.006139386914349656,243.0
ma_gap_20d,2022.0,-0.12575992698817115,-0.08787442724321891,242.0
ma_gap_20d,2023.0,-0.12318111417163767,-0.07411598697905752,242.0
ma_gap_20d,2024.0,-0.0642412594762222,-0.09043367376639172,242.0
ma_gap_20d,2025.0,-0.01882124529423361,-0.04683028329327385,243.0
ma_gap_20d,2026.0,-0.0723424121488676,-0.0054176309699137375,97.0
ma_slope_20d,2018.0,-0.21544047726690646,-0.14385935831748295,205.0
ma_slope_20d,2019.0,-0.08274733742816544,-0.04431227257144509,244.0
ma_slope_20d,2020.0,-0.11177120780652293,-0.11461025221581606,243.0
ma_slope_20d,2021.0,0.030652231801622347,-0.019875021116948586,243.0
ma_slope_20d,2022.0,-0.022405513095454053,-0.04067372242903489,242.0
ma_slope_20d,2023.0,0.07701460953343799,0.10725681730334065,242.0
ma_slope_20d,2024.0,-0.14620256247439428,-0.23983797060211826,242.0
ma_slope_20d,2025.0,-0.01876300722444834,0.003756726061743448,243.0
ma_slope_20d,2026.0,-0.18985570100526242,-0.23787607826635807,97.0
ma_gap_60d,2018.0,-0.15601452819038034,-0.19799676176230196,184.0
ma_gap_60d,2019.0,-0.1245051560232328,-0.10635457583154694,244.0
ma_gap_60d,2020.0,-0.23054104516375698,-0.2147581126716745,243.0
ma_gap_60d,2021.0,-0.03529618206675545,-0.026266138784767693,243.0
ma_gap_60d,2022.0,-0.09110637624228261,-0.12201778038569189,242.0
ma_gap_60d,2023.0,-0.008484080514151194,0.016391332749939563,242.0
ma_gap_60d,2024.0,-0.14729816191254805,-0.18320981371827016,242.0
ma_gap_60d,2025.0,-0.06671616630267917,-0.10295955079859699,243.0
ma_gap_60d,2026.0,-0.2949071107720975,-0.2696849358300021,97.0
ma_slope_60d,2018.0,-0.47041871537853674,-0.40799722704389396,165.0
ma_slope_60d,2019.0,-0.20561080472643764,-0.1977225134133799,244.0
ma_slope_60d,2020.0,-0.20817033563131768,-0.19840983104768498,243.0
ma_slope_60d,2021.0,-0.06005360463603894,-0.09548122389652444,243.0
ma_slope_60d,2022.0,0.0012753840204990283,0.008235674147908526,242.0
ma_slope_60d,2023.0,0.048726451706166254,0.019501354972246462,242.0
ma_slope_60d,2024.0,-0.20442934867051227,-0.20721829282775253,242.0
ma_slope_60d,2025.0,-0.08144967430913018,-0.08189194478315193,243.0
ma_slope_60d,2026.0,-0.38091640246804653,-0.3907269093204292,97.0
ma_gap_120d,2018.0,-0.2938554974371058,-0.3594209284028324,124.0
ma_gap_120d,2019.0,-0.2661471493909246,-0.22883577231742724,244.0
ma_gap_120d,2020.0,-0.3023456942934559,-0.3004235098124815,243.0
ma_gap_120d,2021.0,-0.08231046258103626,-0.09733784274271108,243.0
ma_gap_120d,2022.0,-0.10906847170827264,-0.1307263506433631,242.0
ma_gap_120d,2023.0,0.004396718269024538,0.0038555638958002844,242.0
ma_gap_120d,2024.0,-0.17888879762732854,-0.20441097432495794,242.0
ma_gap_120d,2025.0,-0.08975437802252423,-0.09224301300804033,243.0
ma_gap_120d,2026.0,-0.3328229788598627,-0.29689143698716597,97.0
ma_slope_120d,2018.0,-0.23445802816267564,-0.15701845324486835,105.0
ma_slope_120d,2019.0,-0.3783355464150906,-0.29215683844879786,244.0
ma_slope_120d,2020.0,-0.22696509794047642,-0.2087918429200098,243.0
ma_slope_120d,2021.0,-0.21782989734061442,-0.27008953586201473,243.0
ma_slope_120d,2022.0,-0.18007813697667419,-0.22484664745446845,242.0
ma_slope_120d,2023.0,0.0005886040798830854,0.03313447988413411,242.0
ma_slope_120d,2024.0,-0.14216871542023612,-0.13012986017809894,242.0
ma_slope_120d,2025.0,-0.21700521480036222,-0.20359080120630046,243.0
ma_slope_120d,2026.0,-0.29005196129125216,-0.2791000420786871,97.0
trend_consistency_20d,2018.0,0.04329475589218531,-0.06143335020635455,224.0
trend_consistency_20d,2019.0,0.06059719389193177,0.05492426567582356,244.0
trend_consistency_20d,2020.0,-0.029812214179090118,-0.03913239100716042,243.0
trend_consistency_20d,2021.0,-0.050466297740083536,-0.0029655553002990716,243.0
trend_consistency_20d,2022.0,0.02724752846978283,0.03998262971836834,242.0
trend_consistency_20d,2023.0,-0.03494186120328157,-0.002106717256144998,242.0
trend_consistency_20d,2024.0,-0.06366393458874049,-0.08433504386583829,242.0
trend_consistency_20d,2025.0,-0.10094492829776795,-0.08200868691207398,243.0
trend_consistency_20d,2026.0,0.08817397658156552,0.06963476920093144,97.0
trend_consistency_60d,2018.0,-0.10663114041953778,-0.09522580176434974,184.0
trend_consistency_60d,2019.0,-0.12482926962300361,-0.07051842965380027,244.0
trend_consistency_60d,2020.0,-0.09000064641111777,-0.09597228776029729,243.0
trend_consistency_60d,2021.0,-0.11185394741970169,-0.09036658172793041,243.0
trend_consistency_60d,2022.0,0.043825407985741825,-0.023303606418066388,242.0
trend_consistency_60d,2023.0,0.1274549663689942,0.11392229158747966,242.0
trend_consistency_60d,2024.0,-0.05988656659981666,-0.14515997147527193,242.0
trend_consistency_60d,2025.0,-0.007146854982908985,-0.06940159341331807,243.0
trend_consistency_60d,2026.0,-0.16390487371827037,-0.2365733749743938,97.0
dist_to_high_20d,2018.0,-0.0740225990582542,-0.10435676537006376,223.0
dist_to_high_20d,2019.0,-0.09875322534108667,-0.12389940873643002,244.0
dist_to_high_20d,2020.0,0.04767187891261842,0.04364939647293829,243.0
dist_to_high_20d,2021.0,0.03529852845915966,0.09337203798207275,243.0
dist_to_high_20d,2022.0,-0.12636164409001596,-0.08107862672126254,242.0
dist_to_high_20d,2023.0,-0.14906447842859968,-0.10417649662507744,242.0
dist_to_high_20d,2024.0,-0.09700329870965725,-0.2685381147390271,242.0
dist_to_high_20d,2025.0,0.005859863449063993,0.022564205495223325,243.0
dist_to_high_20d,2026.0,0.11461854842151913,0.16454135724025518,97.0
dist_to_low_20d,2018.0,0.14553218921852243,0.12562702323403785,223.0
dist_to_low_20d,2019.0,0.058054098155436995,-0.06789478021127479,244.0
dist_to_low_20d,2020.0,-0.2655536751660868,-0.23253171779460374,243.0
dist_to_low_20d,2021.0,-0.05314856542686908,-0.03790556580274249,243.0
dist_to_low_20d,2022.0,-0.02964593246612385,-0.013876138025576079,242.0
dist_to_low_20d,2023.0,-0.037939540592807915,0.03976180764047107,242.0
dist_to_low_20d,2024.0,-0.01179686131272103,0.005389413718155492,242.0
dist_to_low_20d,2025.0,-0.06482901085782053,-0.08310090731870959,243.0
dist_to_low_20d,2026.0,-0.23298835573219384,-0.16484325689038498,97.0
dist_to_high_60d,2018.0,-0.22633233001861644,-0.23502930841640124,183.0
dist_to_high_60d,2019.0,-0.07689609638584535,-0.047267276669357615,244.0
dist_to_high_60d,2020.0,-0.00301191052407363,0.016896131402394855,243.0
dist_to_high_60d,2021.0,0.008078102259210957,0.05942270001836231,243.0
dist_to_high_60d,2022.0,-0.11287575714814196,-0.14490271121574178,242.0
dist_to_high_60d,2023.0,0.031655894084564734,0.03270351744753446,242.0
dist_to_high_60d,2024.0,-0.28284192232106403,-0.3224765250147097,242.0
dist_to_high_60d,2025.0,0.0037308309095400454,-0.03797254246774071,243.0
dist_to_high_60d,2026.0,-0.08565432366753774,-0.07833262106089951,97.0
dist_to_low_60d,2018.0,-0.011323712890016232,-0.11365674608312518,183.0
dist_to_low_60d,2019.0,-0.277563172081166,-0.29774153857309155,244.0
dist_to_low_60d,2020.0,-0.29829196937425384,-0.3010485516791414,243.0
dist_to_low_60d,2021.0,-0.08272041417110203,-0.08581304258559286,243.0
dist_to_low_60d,2022.0,0.06922003636816702,0.04142901898359417,242.0
dist_to_low_60d,2023.0,-0.007461252927044193,0.03937023875148283,242.0
dist_to_low_60d,2024.0,-0.08370552306130878,-0.049271063030259785,242.0
dist_to_low_60d,2025.0,-0.17502886689664557,-0.19547669266608667,243.0
dist_to_low_60d,2026.0,-0.46086055800310394,-0.48202609544921554,97.0
dist_to_high_120d,2018.0,-0.23766812300686171,-0.2544567497635837,123.0
dist_to_high_120d,2019.0,-0.16530780740614612,-0.12711900110715552,244.0
dist_to_high_120d,2020.0,-0.045376959888683066,-0.04877617362679456,243.0
dist_to_high_120d,2021.0,-0.00019312378668214563,0.03876076287130996,243.0
dist_to_high_120d,2022.0,-0.10173382212827535,-0.12448947710012635,242.0
dist_to_high_120d,2023.0,-0.023696058633231338,-0.056236582037827325,242.0
dist_to_high_120d,2024.0,-0.19717794221785204,-0.19634751622191665,242.0
dist_to_high_120d,2025.0,0.044553394941899464,-0.06899399524982053,243.0
dist_to_high_120d,2026.0,-0.10080648543434524,-0.09175844045038725,97.0
dist_to_low_120d,2018.0,-0.12768153969150733,-0.1770115535631851,123.0
dist_to_low_120d,2019.0,-0.3221470370532126,-0.3158019300999077,244.0
dist_to_low_120d,2020.0,-0.327638015384329,-0.28272935249507836,243.0
dist_to_low_120d,2021.0,-0.1556011179597695,-0.199235273750922,243.0
dist_to_low_120d,2022.0,-0.012741831407832555,-0.030035490523240907,242.0
dist_to_low_120d,2023.0,0.026435037412909805,0.06642196241821403,242.0
dist_to_low_120d,2024.0,-0.10774593236843123,-0.07113357761437764,242.0
dist_to_low_120d,2025.0,-0.17344637834192134,-0.2161989247895742,243.0
dist_to_low_120d,2026.0,-0.3408158346526415,-0.3099499985223412,97.0
dist_to_high_250d,2019.0,-0.19302260382748898,-0.14397808002947612,237.0
dist_to_high_250d,2020.0,-0.06199478458567515,-0.0661084935501328,243.0
dist_to_high_250d,2021.0,-0.00019312378668214563,0.03876076287130996,243.0
dist_to_high_250d,2022.0,-0.251272940713208,-0.25794716257760947,242.0
dist_to_high_250d,2023.0,0.02195314397346111,-0.04334277506495067,242.0
dist_to_high_250d,2024.0,-0.1504908425417172,-0.23536976280469535,242.0
dist_to_high_250d,2025.0,-0.13094436919799127,-0.20424415162385937,243.0
dist_to_high_250d,2026.0,-0.10080648543434524,-0.09175844045038725,97.0
dist_to_low_250d,2019.0,-0.3338482963137824,-0.2791684048395553,237.0
dist_to_low_250d,2020.0,-0.3735962796490724,-0.36731589263915315,243.0
dist_to_low_250d,2021.0,-0.1902382557601475,-0.21956366929926655,243.0
dist_to_low_250d,2022.0,-0.4022405556914364,-0.4459333194194293,242.0
dist_to_low_250d,2023.0,0.20736678002890063,0.19531172107837022,242.0
dist_to_low_250d,2024.0,-0.10774593236843123,-0.07113357761437764,242.0
dist_to_low_250d,2025.0,-0.15069516814423445,-0.21043713775906803,243.0
dist_to_low_250d,2026.0,-0.508585404758318,-0.5169006213333723,97.0
macd_dif,2018.0,-0.10855293972679109,-0.14820134709493107,243.0
macd_dif,2019.0,-0.05430194843122446,-0.06343754259445125,244.0
macd_dif,2020.0,-0.2274130828960596,-0.19469742967010725,243.0
macd_dif,2021.0,-0.06827943980887718,-0.06784269253221066,243.0
macd_dif,2022.0,-0.0726512608984321,-0.0839176796677111,242.0
macd_dif,2023.0,-0.08327192860810789,-0.04575068764682747,242.0
macd_dif,2024.0,-0.10953146529040547,-0.17325782517277297,242.0
macd_dif,2025.0,-0.022719714203961114,-0.022782051346383187,243.0
macd_dif,2026.0,-0.17595752842603962,-0.18555386071954552,97.0
macd_dea,2018.0,-0.18504085176543272,-0.21560418032217016,243.0
macd_dea,2019.0,-0.09480624444116097,-0.08243807541231428,244.0
macd_dea,2020.0,-0.1983981465827423,-0.18121770779495566,243.0
macd_dea,2021.0,-0.05485751738686572,-0.08213280344427884,243.0
macd_dea,2022.0,-0.043371525351372696,-0.08561451727552571,242.0
macd_dea,2023.0,-0.03808493729467755,-0.01035418098161717,242.0
macd_dea,2024.0,-0.11036376785386837,-0.2091814259747075,242.0
macd_dea,2025.0,-0.033064197365834484,-0.024974868740392835,243.0
macd_dea,2026.0,-0.23852425153704046,-0.24250473385230378,97.0
macd_hist,2018.0,0.17799475418167024,0.10911155087360508,243.0
macd_hist,2019.0,0.10186214550794259,0.06213895394223263,244.0
macd_hist,2020.0,-0.12471202302297685,-0.08263124706244428,243.0
macd_hist,2021.0,-0.05248164004378825,-0.010964923284843801,243.0
macd_hist,2022.0,-0.1016365804391622,-0.0818448960030753,242.0
macd_hist,2023.0,-0.14404728573655895,-0.15067774014083585,242.0
macd_hist,2024.0,-0.022624232406410358,-0.06772322489813515,242.0
macd_hist,2025.0,0.02814546372211674,0.002094132248131254,243.0
macd_hist,2026.0,0.1047466493317767,0.07365085209341468,97.0
kdj_k,2018.0,0.01987479693013217,-0.01910225371641863,235.0
kdj_k,2019.0,-0.08898027597510308,-0.1145054500245757,244.0
kdj_k,2020.0,-0.13854141248721505,-0.15157452986563766,243.0
kdj_k,2021.0,-0.000641287618978504,0.009089069198358817,243.0
kdj_k,2022.0,-0.06505848967112239,-0.052813223817876155,242.0
kdj_k,2023.0,0.07989246033678364,0.09782429686868264,242.0
kdj_k,2024.0,-0.1110223978273073,-0.16463604243873411,242.0
kdj_k,2025.0,-0.012485877060945767,-0.05226214789056319,243.0
kdj_k,2026.0,0.061899894950270914,0.0033662949715968856,97.0
kdj_d,2018.0,0.01354377123926229,-0.019444843207520747,235.0
kdj_d,2019.0,-0.03714368231768833,-0.052117847746263046,244.0
kdj_d,2020.0,-0.1009556485776971,-0.10772487250380941,243.0
kdj_d,2021.0,0.004248502272223209,0.01680156424319365,243.0
kdj_d,2022.0,-0.050324496146468875,-0.056959637872500954,242.0
kdj_d,2023.0,-0.012212772761670349,0.016246542714542213,242.0
kdj_d,2024.0,-0.12729671633039413,-0.12760788817973562,242.0
kdj_d,2025.0,0.05776095339878004,0.019660088214484638,243.0
kdj_d,2026.0,0.1055491684881867,0.014254155270355562,97.0
kdj_j,2018.0,0.02297011531587181,0.00015626889067815904,235.0
kdj_j,2019.0,-0.1243889307617928,-0.14861405400047084,244.0
kdj_j,2020.0,-0.1495656398422927,-0.16884108513517354,243.0
kdj_j,2021.0,-0.006210811825436018,0.014121175323361115,243.0
kdj_j,2022.0,-0.06959410818554396,-0.04039430306247859,242.0
kdj_j,2023.0,0.17917060713985,0.1827381489144346,242.0
kdj_j,2024.0,-0.07075310723789979,-0.16974137403656245,242.0
kdj_j,2025.0,-0.08864505775018992,-0.12557517550065986,243.0
kdj_j,2026.0,-0.003221733842890481,-0.0009336208710288237,97.0
adx_14d,2018.0,0.2983373436906889,0.27775327874392275,217.0
adx_14d,2019.0,0.09062884488903657,0.14888418026591327,244.0
adx_14d,2020.0,-0.06814238802317087,-0.07064852867138012,243.0
adx_14d,2021.0,-0.04145644957557212,-0.052488789200165246,243.0
adx_14d,2022.0,0.23647891803760615,0.29216469993535255,242.0
adx_14d,2023.0,-0.0007475611379213501,0.009536244290425103,242.0
adx_14d,2024.0,0.0813127229370736,0.1963806293753263,242.0
adx_14d,2025.0,0.13963899681343536,0.10838388856272611,243.0
adx_14d,2026.0,-0.07872031839280318,-0.10781348621922995,97.0
rsi_6d,2018.0,0.007456335811595933,-0.025203254628746362,237.0
rsi_6d,2019.0,-0.07162110006010358,-0.08718833300133264,237.0
rsi_6d,2020.0,-0.10876882750774447,-0.11289771986332801,238.0
rsi_6d,2021.0,0.012070366302677089,0.038339734577003536,241.0
rsi_6d,2022.0,-0.07114133282665352,-0.04377969637186249,242.0
rsi_6d,2023.0,0.09597753340051354,0.106978926906106,236.0
rsi_6d,2024.0,-0.05307721748662098,-0.1297972688184614,239.0
rsi_6d,2025.0,-0.08906951751331948,-0.12940969271913572,242.0
rsi_6d,2026.0,-0.051794247980529715,-0.06502984264785676,96.0
rsi_14d,2018.0,0.06240469041350724,0.017134009307217177,229.0
rsi_14d,2019.0,0.037614608386782836,0.015808998386883596,244.0
rsi_14d,2020.0,-0.21900448119519847,-0.16575257459509818,243.0
rsi_14d,2021.0,-0.03339311254517292,-0.018584173115526657,243.0
rsi_14d,2022.0,-0.07079946065324431,-0.06770248012259045,242.0
rsi_14d,2023.0,-0.13198655437342258,-0.08778552108113281,242.0
rsi_14d,2024.0,0.0014683620645039933,-0.025767551403120044,242.0
rsi_14d,2025.0,0.010163985306890526,-0.0006761607949677835,243.0
rsi_14d,2026.0,0.01297316631320637,-0.0628813381022512,97.0
short_reversal_3d,2018.0,-0.07623838647685638,-0.034165979986191884,240.0
short_reversal_3d,2019.0,0.06696651642386002,0.10865767071856063,244.0
short_reversal_3d,2020.0,0.16575432386753416,0.18231997069552955,243.0
short_reversal_3d,2021.0,0.0038654173555856836,-0.030318920284146313,243.0
short_reversal_3d,2022.0,0.16084438260171344,0.10803157100151947,242.0
short_reversal_3d,2023.0,-0.02848464671101036,-0.09732980926241332,242.0
short_reversal_3d,2024.0,0.058707922164744276,0.09888314785457965,242.0
short_reversal_3d,2025.0,0.10262941983819797,0.16009741394738908,243.0
short_reversal_3d,2026.0,0.17133488890733345,0.0745450241952451,97.0
short_reversal_5d,2018.0,-0.052941716924017106,0.009524949751561752,238.0
short_reversal_5d,2019.0,0.06313940171801104,0.12406560681346006,244.0
short_reversal_5d,2020.0,0.215818888689695,0.20831932506050735,243.0
short_reversal_5d,2021.0,0.0011736437121437693,-0.03715328479362259,243.0
short_reversal_5d,2022.0,0.16046721641803138,0.0815409216012762,242.0
short_reversal_5d,2023.0,-0.08098028936928829,-0.13397015547147573,242.0
short_reversal_5d,2024.0,0.1251636960296863,0.13558872838732622,242.0
short_reversal_5d,2025.0,0.1493396266095696,0.17191203306454175,243.0
short_reversal_5d,2026.0,0.12338061419871066,0.07558384178413632,97.0
consecutive_up_days,2018.0,0.09767578255129085,0.12837184573410987,243.0
consecutive_up_days,2019.0,-0.09411808845190336,-0.11367586985820453,244.0
consecutive_up_days,2020.0,-0.23694438339190066,-0.11398200718820019,243.0
consecutive_up_days,2021.0,-0.029805244971625223,-0.020439256468942627,243.0
consecutive_up_days,2022.0,-0.08674546721571304,-0.0449493558540859,242.0
consecutive_up_days,2023.0,0.1275260458100234,0.17559944693536567,242.0
consecutive_up_days,2024.0,0.04647269101484737,0.034462973237483555,242.0
consecutive_up_days,2025.0,-0.20248218169052964,-0.14935781437138937,243.0
consecutive_up_days,2026.0,-0.20359447965629238,-0.15146270278872767,97.0
consecutive_down_days,2018.0,-0.20743299332039444,-0.1269410188294448,243.0
consecutive_down_days,2019.0,0.11985676003460642,0.12478700482579641,244.0
consecutive_down_days,2020.0,0.06178269125957977,0.06313045267603139,243.0
consecutive_down_days,2021.0,0.06536175322558342,0.027565852169973083,243.0
consecutive_down_days,2022.0,0.1363571749836725,0.0668479862528709,242.0
consecutive_down_days,2023.0,-0.09471498942852692,-0.17853683020186278,242.0
consecutive_down_days,2024.0,0.026808285594502903,0.024330187470772254,242.0
consecutive_down_days,2025.0,0.0821031302853327,0.11721903615666336,243.0
consecutive_down_days,2026.0,0.07405762477388565,0.09711768652553343,97.0
boll_pos_20d,2018.0,0.0922172943809263,0.05166243726974532,224.0
boll_pos_20d,2019.0,-0.08263140697230661,-0.09611621211933467,244.0
boll_pos_20d,2020.0,-0.07225577380313285,-0.07774884128585072,243.0
boll_pos_20d,2021.0,0.03379674670317198,0.05226214789056319,243.0
boll_pos_20d,2022.0,-0.07386517741295143,-0.0567318687524899,242.0
boll_pos_20d,2023.0,-0.10879293219170558,-0.033287737173063464,242.0
boll_pos_20d,2024.0,-0.008600710320275096,-0.10157573504772902,242.0
boll_pos_20d,2025.0,-0.0020674809374803993,-0.02919658582847852,243.0
boll_pos_20d,2026.0,0.04169041912417451,0.045984115295602764,97.0
close_zscore_20d,2018.0,0.09221729438092632,0.05166243726974532,224.0
close_zscore_20d,2019.0,-0.08263140697230663,-0.09611621211933467,244.0
close_zscore_20d,2020.0,-0.07225577380313292,-0.07774884128585072,243.0
close_zscore_20d,2021.0,0.03379674670317198,0.05226214789056319,243.0
close_zscore_20d,2022.0,-0.07386517741295143,-0.0567318687524899,242.0
close_zscore_20d,2023.0,-0.10879293219170559,-0.033287737173063464,242.0
close_zscore_20d,2024.0,-0.008600710320275009,-0.10157573504772902,242.0
close_zscore_20d,2025.0,-0.0020674809374804023,-0.02919658582847852,243.0
close_zscore_20d,2026.0,0.04169041912417448,0.045984115295602764,97.0
close_zscore_60d,2018.0,-0.06303123395574328,-0.132499019956352,184.0
close_zscore_60d,2019.0,-0.1136521223728765,-0.09231709684480957,244.0
close_zscore_60d,2020.0,-0.16554311975104066,-0.1814050423091655,243.0
close_zscore_60d,2021.0,0.050532761487060075,0.047307819041549785,243.0
close_zscore_60d,2022.0,-0.09190247894832868,-0.10237205874072465,242.0
close_zscore_60d,2023.0,-0.07876689926748433,-0.008075643056153556,242.0
close_zscore_60d,2024.0,-0.10824329101897655,-0.1179382825993061,242.0
close_zscore_60d,2025.0,0.016532293685516904,-0.040710131619222524,243.0
close_zscore_60d,2026.0,-0.17540419336372798,-0.18763149589732797,97.0
volume_ratio_5d,2018.0,0.0017411939882222326,-0.011408713263016214,239.0
volume_ratio_5d,2019.0,-0.01526221177648184,-0.013934219710956635,244.0
volume_ratio_5d,2020.0,-0.05662205662641338,-0.044312139443783746,243.0
volume_ratio_5d,2021.0,-0.0638147541507774,-0.02278037871679203,243.0
volume_ratio_5d,2022.0,0.10458046284407878,0.10833215850190578,242.0
volume_ratio_5d,2023.0,-0.006620221926832712,0.0319981744601385,242.0
volume_ratio_5d,2024.0,0.06972870407401692,-0.04635102573389511,242.0
volume_ratio_5d,2025.0,-0.0418627440319755,-0.05442820321111429,243.0
volume_ratio_5d,2026.0,-0.11205962031978339,-0.09229697033452555,97.0
amount_ratio_5d,2018.0,0.02112244818978949,0.0017676956908795444,239.0
amount_ratio_5d,2019.0,-0.020660093841381955,-0.02513909024447666,244.0
amount_ratio_5d,2020.0,-0.07758846572419865,-0.05945780039172984,243.0
amount_ratio_5d,2021.0,-0.05926988266883813,-0.018778612419943764,243.0
amount_ratio_5d,2022.0,0.08481692089608585,0.09205471031197172,242.0
amount_ratio_5d,2023.0,-0.003213441858034821,0.04583451345679437,242.0
amount_ratio_5d,2024.0,0.05915426102854685,-0.058555727558440726,242.0
amount_ratio_5d,2025.0,-0.05183978606901487,-0.05999805974967425,243.0
amount_ratio_5d,2026.0,-0.12604995758973583,-0.10523616663160108,97.0
volume_ratio_20d,2018.0,-0.04136606038964433,-0.02403162291663934,224.0
volume_ratio_20d,2019.0,0.1334524073385694,0.13512591436088703,244.0
volume_ratio_20d,2020.0,-0.10952521368527222,-0.1208324342949281,243.0
volume_ratio_20d,2021.0,-0.012144545664603145,0.04302672360297795,243.0
volume_ratio_20d,2022.0,0.23583122267925716,0.2845018354888844,242.0
volume_ratio_20d,2023.0,0.028773483855939502,0.03782618506622028,242.0
volume_ratio_20d,2024.0,-0.009959541094995163,-0.1109989434982194,242.0
volume_ratio_20d,2025.0,0.07621774252960305,0.0762468199129898,243.0
volume_ratio_20d,2026.0,0.06797756074436408,0.1101278140122028,97.0
amount_ratio_20d,2018.0,0.02091616543842526,0.01179266372464375,224.0
amount_ratio_20d,2019.0,0.12547783674509325,0.1173694492976304,244.0
amount_ratio_20d,2020.0,-0.13406485436286827,-0.12788842222523297,243.0
amount_ratio_20d,2021.0,-0.013962046816577884,0.04558668319224702,243.0
amount_ratio_20d,2022.0,0.20186018770348874,0.25619750038208483,242.0
amount_ratio_20d,2023.0,0.01186380385948906,0.033787305131452,242.0
amount_ratio_20d,2024.0,-0.03658819851698816,-0.12903716087848913,242.0
amount_ratio_20d,2025.0,0.06713150698754573,0.05962422703605018,243.0
amount_ratio_20d,2026.0,0.0293338839671361,0.09960814222596254,97.0
volume_ratio_60d,2018.0,0.022798781097473932,0.031527067025372474,184.0
volume_ratio_60d,2019.0,0.15727988860236958,0.16101012353939753,244.0
volume_ratio_60d,2020.0,-0.10017043242173188,-0.10022312878746062,243.0
volume_ratio_60d,2021.0,0.03320467306439034,0.054062733645446004,243.0
volume_ratio_60d,2022.0,0.19069555855682385,0.24573790209399418,242.0
volume_ratio_60d,2023.0,-0.005510016883888157,0.012084040878206602,242.0
volume_ratio_60d,2024.0,0.0007200454432146376,0.042462015363412375,242.0
volume_ratio_60d,2025.0,0.17557283754748057,0.11117383472077957,243.0
volume_ratio_60d,2026.0,-0.03158259306479721,-0.005272985482852934,97.0
amount_ratio_60d,2018.0,0.01092449673637366,-0.02370405473220141,184.0
amount_ratio_60d,2019.0,0.11731219017886269,0.12388882693332341,244.0
amount_ratio_60d,2020.0,-0.14596065349613688,-0.1248810342203288,243.0
amount_ratio_60d,2021.0,0.02394235268675783,0.04890267135672004,243.0
amount_ratio_60d,2022.0,0.1339188215846522,0.20815769074287874,242.0
amount_ratio_60d,2023.0,-0.016204874212514975,0.03867883749689358,242.0
amount_ratio_60d,2024.0,-0.061310174102031344,0.016574228934686294,242.0
amount_ratio_60d,2025.0,0.15689241764889544,0.08238286156815713,243.0
amount_ratio_60d,2026.0,-0.09473386727020046,-0.05141489585524931,97.0
amount_chg_1d,2018.0,0.016401766396947834,0.01993446764967711,242.0
amount_chg_1d,2019.0,-0.036877022605893595,-0.042516387247066405,244.0
amount_chg_1d,2020.0,0.017360072082998067,0.020343357402473148,243.0
amount_chg_1d,2021.0,-0.06086309723459883,-0.010872928657330047,243.0
amount_chg_1d,2022.0,0.07003679533074803,0.086458702452667,242.0
amount_chg_1d,2023.0,-0.020436619183918064,0.0288779915335932,242.0
amount_chg_1d,2024.0,0.05978019894418025,0.0007866080196338893,242.0
amount_chg_1d,2025.0,-0.049414477706308864,-0.014940763823029099,243.0
amount_chg_1d,2026.0,0.02568355620774654,-0.08924626551651588,97.0
amount_chg_5d,2018.0,-0.024635436036589044,-0.06151490706383119,238.0
amount_chg_5d,2019.0,0.06194917401669787,-0.000717858485227728,244.0
amount_chg_5d,2020.0,-0.14640524905765107,-0.1400501119825511,243.0
amount_chg_5d,2021.0,-0.07514630493128045,-0.05063133403918302,243.0
amount_chg_5d,2022.0,0.09194195751569806,0.12079764915172939,242.0
amount_chg_5d,2023.0,0.02268955198442851,0.055095995370105774,242.0
amount_chg_5d,2024.0,-0.032425520637400354,-0.20228865677790486,242.0
amount_chg_5d,2025.0,-0.11435501832448747,-0.17343245336290541,243.0
amount_chg_5d,2026.0,-0.06184664713228365,-0.039606564275194614,97.0
turnover_chg_1d,2018.0,0.026290972454809276,0.02059471717778786,242.0
turnover_chg_1d,2019.0,-0.06794125098306004,-0.05138255843547511,244.0
turnover_chg_1d,2020.0,0.012006347439238145,0.035418316666097675,243.0
turnover_chg_1d,2021.0,-0.033200762706492505,-0.007950141424309557,243.0
turnover_chg_1d,2022.0,0.045718188677191796,0.08364005138013304,242.0
turnover_chg_1d,2023.0,0.01815731468254242,0.02092460082774001,242.0
turnover_chg_1d,2024.0,0.039757305872528056,-0.009791720604084382,242.0
turnover_chg_1d,2025.0,-0.02810807775586449,-0.03247489113963261,243.0
turnover_chg_1d,2026.0,-0.08573833644115465,-0.09599952661476964,97.0
turnover_chg_5d,2018.0,-0.03787885863645278,-0.0477705851186809,238.0
turnover_chg_5d,2019.0,-0.005825085838277912,0.014916964366302065,244.0
turnover_chg_5d,2020.0,-0.11748498536215114,-0.11952361498269531,243.0
turnover_chg_5d,2021.0,-0.03305009847355017,-0.04154452812777452,243.0
turnover_chg_5d,2022.0,0.09805282481654293,0.1208909847434183,242.0
turnover_chg_5d,2023.0,-0.034119638359096115,0.029467100605434372,242.0
turnover_chg_5d,2024.0,-0.14063638333293332,-0.19894111059878095,242.0
turnover_chg_5d,2025.0,-0.11314165543594804,-0.2026635310199121,243.0
turnover_chg_5d,2026.0,-0.13307357255031654,-0.08373741325701706,97.0
turnover_ratio_20d,2018.0,0.001221613980567867,0.0036039960527419626,224.0
turnover_ratio_20d,2019.0,0.13363454056963428,0.13600320516792025,244.0
turnover_ratio_20d,2020.0,-0.10997267777704381,-0.12073207651945853,243.0
turnover_ratio_20d,2021.0,-0.012128768552880009,0.04236352597008334,243.0
turnover_ratio_20d,2022.0,0.2365335877863839,0.2852531224083267,242.0
turnover_ratio_20d,2023.0,0.029484938498911054,0.038784678166043696,242.0
turnover_ratio_20d,2024.0,-0.010159278722313227,-0.11131352559651826,242.0
turnover_ratio_20d,2025.0,0.0760731189066325,0.07567061483995084,243.0
turnover_ratio_20d,2026.0,0.06778611390557379,0.11116663160109405,97.0
price_volume_divergence_20d,2018.0,-0.22650561136011013,-0.22485279775575548,223.0
price_volume_divergence_20d,2019.0,-0.010552865890530285,-0.013888785629613105,244.0
price_volume_divergence_20d,2020.0,0.06078685250570983,0.034191057787679745,243.0
price_volume_divergence_20d,2021.0,0.03311892008563302,0.08660876023022072,243.0
price_volume_divergence_20d,2022.0,-0.10014694995962475,-0.0962730960216186,242.0
price_volume_divergence_20d,2023.0,-0.015154085845217843,-0.006289052560899663,242.0
price_volume_divergence_20d,2024.0,-0.08290701886186094,-0.16555219946483085,242.0
price_volume_divergence_20d,2025.0,-0.008796649817180488,-0.03426632611928191,243.0
price_volume_divergence_20d,2026.0,-0.08167727025699606,0.04356459078476751,97.0
amihud_illiquidity_20d,2018.0,0.16967854686195682,0.11304918997827672,223.0
amihud_illiquidity_20d,2019.0,0.17809608441407265,0.17824864007533797,244.0
amihud_illiquidity_20d,2020.0,0.2239254975390119,0.18364385701693203,243.0
amihud_illiquidity_20d,2021.0,0.2273744656347732,0.295079458268728,243.0
amihud_illiquidity_20d,2022.0,0.20169320108437636,0.28234353256357536,242.0
amihud_illiquidity_20d,2023.0,-0.04632174196780927,-0.08394223470295394,242.0
amihud_illiquidity_20d,2024.0,0.20763112208066378,0.1496871031635605,242.0
amihud_illiquidity_20d,2025.0,-0.03715048409550695,0.025655628983994608,243.0
amihud_illiquidity_20d,2026.0,0.2853854527121469,0.3537371134020619,97.0
volatility_5d,2018.0,0.20688458983586344,0.19449385959018983,238.0
volatility_5d,2019.0,0.12493731565545292,0.06233060315808169,244.0
volatility_5d,2020.0,0.006663820959683838,-0.04014478281741073,243.0
volatility_5d,2021.0,-0.005626004558376818,0.003354458645069673,243.0
volatility_5d,2022.0,0.07095371444092784,0.07078581616491839,242.0
volatility_5d,2023.0,0.030491410956627236,0.10502569599765628,242.0
volatility_5d,2024.0,-0.020002200369802964,-0.041090743363630805,242.0
volatility_5d,2025.0,-0.010991834327943168,-0.06162720097146326,243.0
volatility_5d,2026.0,0.09380940783024036,0.04464285714285714,97.0
realized_vol_5d,2018.0,0.20688458983586344,0.19449385959018983,238.0
realized_vol_5d,2019.0,0.12493731565545292,0.06233060315808169,244.0
realized_vol_5d,2020.0,0.006663820959683838,-0.04014478281741073,243.0
realized_vol_5d,2021.0,-0.005626004558376818,0.003354458645069673,243.0
realized_vol_5d,2022.0,0.07095371444092784,0.07078581616491839,242.0
realized_vol_5d,2023.0,0.030491410956627236,0.10502569599765628,242.0
realized_vol_5d,2024.0,-0.020002200369802964,-0.041090743363630805,242.0
realized_vol_5d,2025.0,-0.010991834327943168,-0.06162720097146326,243.0
realized_vol_5d,2026.0,0.09380940783024036,0.04464285714285714,97.0
downside_vol_5d,2018.0,0.09581563039822975,0.1318947442402028,239.0
downside_vol_5d,2019.0,0.1431023440880292,0.10662897863569445,244.0
downside_vol_5d,2020.0,0.10158111492990037,0.10838070229684646,243.0
downside_vol_5d,2021.0,-0.011620024486430711,-0.01571021185341996,243.0
downside_vol_5d,2022.0,0.14656277432523407,0.16124888708604962,242.0
downside_vol_5d,2023.0,0.057711985173235794,0.05098276642858195,242.0
downside_vol_5d,2024.0,0.08930284736919665,0.0754925632575491,242.0
downside_vol_5d,2025.0,-0.03396108501964249,0.12143161956635283,243.0
downside_vol_5d,2026.0,0.16394696751165858,0.11040056409407796,97.0
max_drawdown_5d,2018.0,-0.01114270998645828,-0.054323718393999035,239.0
max_drawdown_5d,2019.0,-0.15027278947220515,-0.14773973574281568,244.0
max_drawdown_5d,2020.0,-0.10024721516745282,-0.17574857846450698,243.0
max_drawdown_5d,2021.0,0.03582372777393627,0.03913962123241014,243.0
max_drawdown_5d,2022.0,-0.22137256762541324,-0.1541079044332143,242.0
max_drawdown_5d,2023.0,0.029082258569541452,0.06039899353904308,242.0
max_drawdown_5d,2024.0,-0.05993898674188349,-0.10116896845719396,242.0
max_drawdown_5d,2025.0,-0.07503951180814027,-0.17619535865001534,243.0
max_drawdown_5d,2026.0,-0.1235344912777275,-0.08632275836653612,97.0
vol_percentile_5d_252d,2019.0,0.1398825775022769,0.08090113215677683,231.0
vol_percentile_5d_252d,2020.0,-0.016289723773784646,-0.027279642516438433,243.0
vol_percentile_5d_252d,2021.0,-0.00041903712086869025,-0.0036957925356797127,243.0
vol_percentile_5d_252d,2022.0,0.06139723633502631,0.0655106242855949,242.0
vol_percentile_5d_252d,2023.0,0.01210479573155592,-0.002899377876301469,242.0
vol_percentile_5d_252d,2024.0,0.005159928270105414,-0.04945108238830243,242.0
vol_percentile_5d_252d,2025.0,0.028216532307968726,-0.040065101808579084,243.0
vol_percentile_5d_252d,2026.0,0.09302985237111312,0.07754017795033774,97.0
volatility_10d,2018.0,0.21208128855134792,0.21250389850030224,233.0
volatility_10d,2019.0,0.15111315562473035,0.09215683844879785,244.0
volatility_10d,2020.0,-0.011410807057883946,-0.06397222765826839,243.0
volatility_10d,2021.0,0.010118386000598053,0.014613764737957483,243.0
volatility_10d,2022.0,-0.011889708830202727,-0.04882091377753393,242.0
volatility_10d,2023.0,0.042977137237029284,0.10631864561199404,242.0
volatility_10d,2024.0,0.03524110878548963,0.0035172978617429235,242.0
volatility_10d,2025.0,0.016767609102224287,-0.023915257894393513,243.0
volatility_10d,2026.0,0.03520698290577607,0.002892909741216074,97.0
realized_vol_10d,2018.0,0.21208128855134792,0.21250389850030224,233.0
realized_vol_10d,2019.0,0.15111315562473035,0.09215683844879785,244.0
realized_vol_10d,2020.0,-0.011410807057883946,-0.06397222765826839,243.0
realized_vol_10d,2021.0,0.010118386000598053,0.014613764737957483,243.0
realized_vol_10d,2022.0,-0.011889708830202727,-0.04882091377753393,242.0
realized_vol_10d,2023.0,0.042977137237029284,0.10631864561199404,242.0
realized_vol_10d,2024.0,0.03524110878548963,0.0035172978617429235,242.0
realized_vol_10d,2025.0,0.016767609102224287,-0.023915257894393513,243.0
realized_vol_10d,2026.0,0.03520698290577607,0.002892909741216074,97.0
downside_vol_10d,2018.0,0.07566788400348921,0.12060667792910701,234.0
downside_vol_10d,2019.0,0.1662832504219863,0.09882782808323975,244.0
downside_vol_10d,2020.0,0.0684882545085142,0.03817769732149837,243.0
downside_vol_10d,2021.0,0.05961493505611793,0.040658822556836824,243.0
downside_vol_10d,2022.0,0.0776351043001527,0.016516014642294064,242.0
downside_vol_10d,2023.0,0.13594328895390806,0.16615217093213336,242.0
downside_vol_10d,2024.0,0.05833604939481445,0.11258481420749551,242.0
downside_vol_10d,2025.0,-0.09811848556707238,-0.05265178284473422,243.0
downside_vol_10d,2026.0,-0.014723950142795254,0.0039060702436810616,97.0
max_drawdown_10d,2018.0,-0.008861621825105082,-0.04478088704233188,234.0
max_drawdown_10d,2019.0,-0.1464354364805613,-0.1535783791543347,244.0
max_drawdown_10d,2020.0,-0.023078701251419375,-0.01619234948478335,243.0
max_drawdown_10d,2021.0,0.02962935934312958,0.0261764232832343,243.0
max_drawdown_10d,2022.0,-0.07058798744334495,0.002919010808953732,242.0
max_drawdown_10d,2023.0,-0.048552819562610795,-0.043563364769886974,242.0
max_drawdown_10d,2024.0,-0.13225990067320303,-0.2210563354184559,242.0
max_drawdown_10d,2025.0,0.0046605578011544,0.025031586154741284,243.0
max_drawdown_10d,2026.0,-0.03531546510083025,0.01477802132681724,97.0
vol_percentile_10d_252d,2019.0,0.15826116513269067,0.11848158999618638,226.0
vol_percentile_10d_252d,2020.0,-0.029915659429468167,-0.04933524529084673,243.0
vol_percentile_10d_252d,2021.0,0.014193351644846988,0.005862803298732325,243.0
vol_percentile_10d_252d,2022.0,-0.011530607203199894,-0.023314171248616917,242.0
vol_percentile_10d_252d,2023.0,-0.005337103692774823,-0.03186637162561709,242.0
vol_percentile_10d_252d,2024.0,-0.029435991774512792,-0.006603819806753974,242.0
vol_percentile_10d_252d,2025.0,0.061418712162517416,0.008688025015542097,243.0
vol_percentile_10d_252d,2026.0,0.11483990622648214,0.07157724649599323,97.0
volatility_20d,2018.0,0.3894845658992149,0.3654279626582189,223.0
volatility_20d,2019.0,0.07030516844921206,0.034888418026591324,244.0
volatility_20d,2020.0,-0.08117192202476314,-0.10142324051911732,243.0
volatility_20d,2021.0,0.05154832802562411,0.015571345178896096,243.0
volatility_20d,2022.0,-0.07197768484018795,-0.14779802721459961,242.0
volatility_20d,2023.0,0.166881063086061,0.2421147643076475,242.0
volatility_20d,2024.0,0.033278670497548395,0.10106981654209797,242.0
volatility_20d,2025.0,-0.02706019510799701,-0.08291141251896343,243.0
volatility_20d,2026.0,-0.22969902743685652,-0.24121607405848933,97.0
realized_vol_20d,2018.0,0.3894845658992149,0.3654279626582189,223.0
realized_vol_20d,2019.0,0.07030516844921206,0.034888418026591324,244.0
realized_vol_20d,2020.0,-0.08117192202476314,-0.10142324051911732,243.0
realized_vol_20d,2021.0,0.05154832802562411,0.015571345178896096,243.0
realized_vol_20d,2022.0,-0.07197768484018795,-0.14779802721459961,242.0
realized_vol_20d,2023.0,0.166881063086061,0.2421147643076475,242.0
realized_vol_20d,2024.0,0.033278670497548395,0.10106981654209797,242.0
realized_vol_20d,2025.0,-0.02706019510799701,-0.08291141251896343,243.0
realized_vol_20d,2026.0,-0.22969902743685652,-0.24121607405848933,97.0
downside_vol_20d,2018.0,0.25972980672732654,0.266482646085413,224.0
downside_vol_20d,2019.0,0.12263616825339392,0.07037642533462957,244.0
downside_vol_20d,2020.0,-0.04725272930635977,-0.06323955637771134,243.0
downside_vol_20d,2021.0,0.08323375628525241,0.03103640778151111,243.0
downside_vol_20d,2022.0,0.01634890494328263,-0.04970428781528612,242.0
downside_vol_20d,2023.0,0.3243863416608322,0.34514036776737245,242.0
downside_vol_20d,2024.0,0.1566503439519212,0.2423850937422106,242.0
downside_vol_20d,2025.0,-0.12890372768206765,-0.14510737743319158,243.0
downside_vol_20d,2026.0,-0.301629174106228,-0.3586723900879198,97.0
max_drawdown_20d,2018.0,-0.14944184980986552,-0.1426067751843771,224.0
max_drawdown_20d,2019.0,-0.02834185132523582,-0.04362801663307548,244.0
max_drawdown_20d,2020.0,0.08703662757764008,0.09329933449457051,243.0
max_drawdown_20d,2021.0,0.0247112247847081,0.049227217838445685,243.0
max_drawdown_20d,2022.0,-0.04964468447480652,0.0034999213004072763,242.0
max_drawdown_20d,2023.0,-0.2698922907302864,-0.2369119803271514,242.0
max_drawdown_20d,2024.0,-0.09764405609652468,-0.22613522836009722,242.0
max_drawdown_20d,2025.0,0.0892828578006521,0.14976391017154617,243.0
max_drawdown_20d,2026.0,0.2390355391381167,0.2715337699728376,97.0
vol_percentile_20d_252d,2019.0,0.10443117817681793,0.030916741851015124,216.0
vol_percentile_20d_252d,2020.0,-0.035988025998025995,-0.06366637201952235,243.0
vol_percentile_20d_252d,2021.0,0.06378949658088076,0.04438845446841996,243.0
vol_percentile_20d_252d,2022.0,-0.09136124761126539,-0.1464732489709346,242.0
vol_percentile_20d_252d,2023.0,0.011916699729779481,0.07447273441548284,242.0
vol_percentile_20d_252d,2024.0,-0.008627552108478015,0.08523954920300703,242.0
vol_percentile_20d_252d,2025.0,0.03756691579806714,0.008232271949039676,243.0
vol_percentile_20d_252d,2026.0,-0.08341881695800595,-0.11052325592495169,97.0
volatility_60d,2018.0,0.39772255577115684,0.33063111487087793,183.0
volatility_60d,2019.0,-0.07080190921720987,-0.10687252435886314,244.0
volatility_60d,2020.0,-0.17601386366512714,-0.20917152983720297,243.0
volatility_60d,2021.0,-0.157440974103635,-0.17687054348753303,243.0
volatility_60d,2022.0,-0.03335111326754567,-0.06100783178615443,242.0
volatility_60d,2023.0,0.2392043845494097,0.3003423733965668,242.0
volatility_60d,2024.0,-0.06954930198821721,0.015708028715003333,242.0
volatility_60d,2025.0,-0.14119478695149615,-0.150979073731185,243.0
volatility_60d,2026.0,-0.34354291499123596,-0.3098174836945087,97.0
realized_vol_60d,2018.0,0.39772255577115684,0.33063111487087793,183.0
realized_vol_60d,2019.0,-0.07080190921720987,-0.10687252435886314,244.0
realized_vol_60d,2020.0,-0.17601386366512714,-0.20917152983720297,243.0
realized_vol_60d,2021.0,-0.157440974103635,-0.17687054348753303,243.0
realized_vol_60d,2022.0,-0.03335111326754567,-0.06100783178615443,242.0
realized_vol_60d,2023.0,0.2392043845494097,0.3003423733965668,242.0
realized_vol_60d,2024.0,-0.06954930198821721,0.015708028715003333,242.0
realized_vol_60d,2025.0,-0.14119478695149615,-0.150979073731185,243.0
realized_vol_60d,2026.0,-0.34354291499123596,-0.3098174836945087,97.0
downside_vol_60d,2018.0,0.4074458452916527,0.37627450221467146,184.0
downside_vol_60d,2019.0,0.08672551210688462,0.11457149694804541,244.0
downside_vol_60d,2020.0,-0.12871285142314426,-0.1506345997143287,243.0
downside_vol_60d,2021.0,-0.08843167134902194,-0.08069101120190894,243.0
downside_vol_60d,2022.0,0.0672027260319068,0.08016308231998985,242.0
downside_vol_60d,2023.0,0.2089157296746453,0.2995488163105778,242.0
downside_vol_60d,2024.0,0.002393481559078932,0.049031943684946344,242.0
downside_vol_60d,2025.0,-0.18365875325610512,-0.14708560461194395,243.0
downside_vol_60d,2026.0,-0.25584493685000254,-0.21854625082396978,97.0
max_drawdown_60d,2018.0,-0.3483470588944403,-0.2866156726664095,184.0
max_drawdown_60d,2019.0,-0.06064287370773716,-0.05792944586501169,244.0
max_drawdown_60d,2020.0,0.0172423611721641,0.017334957479000424,243.0
max_drawdown_60d,2021.0,0.01044745269445814,0.0023258983684460357,243.0
max_drawdown_60d,2022.0,-0.17254647366565426,-0.2627453163412631,242.0
max_drawdown_60d,2023.0,0.10584206824159,0.14562104032119189,242.0
max_drawdown_60d,2024.0,-0.269345915647343,-0.2548307350987887,242.0
max_drawdown_60d,2025.0,0.13274226492735572,0.05880057796080173,243.0
max_drawdown_60d,2026.0,-0.06142518707252081,-0.12262681783364979,97.0
vol_percentile_60d_252d,2019.0,-0.27202070134250156,-0.1444014356612651,176.0
vol_percentile_60d_252d,2020.0,-0.1990247118561572,-0.2154092246254113,243.0
vol_percentile_60d_252d,2021.0,-0.1466733527435757,-0.22149083557586435,243.0
vol_percentile_60d_252d,2022.0,-0.05853983040430294,-0.09633175553970727,242.0
vol_percentile_60d_252d,2023.0,0.00878219601123639,0.1370302366639819,242.0
vol_percentile_60d_252d,2024.0,-0.14835585983032853,0.04188217823700993,242.0
vol_percentile_60d_252d,2025.0,-0.0003361534909128684,-0.11223605672379762,243.0
vol_percentile_60d_252d,2026.0,-0.2098226740504346,-0.27485059705693937,97.0
atr_14d,2018.0,0.05731519188514902,0.06691102135825996,230.0
atr_14d,2019.0,-0.13051870372672728,-0.0975921549256501,244.0
atr_14d,2020.0,-0.23894896954288214,-0.2555929086344768,243.0
atr_14d,2021.0,-0.2087237960221713,-0.24110704662120455,243.0
atr_14d,2022.0,-0.11710613443736544,-0.14184264449375542,242.0
atr_14d,2023.0,0.18214739275012096,0.20541603753196058,242.0
atr_14d,2024.0,-0.055000349113386936,0.06131105031147098,242.0
atr_14d,2025.0,-0.08243613275305191,-0.10595274360444039,243.0
atr_14d,2026.0,-0.36462929196983684,-0.42001104565537556,97.0
atr_pct_14d,2018.0,0.2929547818378757,0.32450296344286533,230.0
atr_pct_14d,2019.0,0.05617722096322193,0.05222936776410625,244.0
atr_pct_14d,2020.0,-0.0678686603969524,-0.10397149170124828,243.0
atr_pct_14d,2021.0,-0.07858754088332986,-0.09047002564141161,243.0
atr_pct_14d,2022.0,0.08549764658102475,-0.01572411317161726,242.0
atr_pct_14d,2023.0,0.235699726411915,0.23933157807167618,242.0
atr_pct_14d,2024.0,0.07210290720974394,0.218680416360351,242.0
atr_pct_14d,2025.0,-0.02130319912751964,-0.06707161029068628,243.0
atr_pct_14d,2026.0,-0.25662748921659284,-0.3388780770039974,97.0
intraday_range,2018.0,0.15867836573761082,0.15889029320172854,243.0
intraday_range,2019.0,0.11326006901232313,0.0892461844140849,244.0
intraday_range,2020.0,-0.14342289340586445,-0.11801405343382491,243.0
intraday_range,2021.0,0.006905156663950545,-0.013047347125836942,243.0
intraday_range,2022.0,0.04442133745208091,0.06144050844164009,242.0
intraday_range,2023.0,0.07358158676487225,0.17733434771030648,242.0
intraday_range,2024.0,-0.004544227172801488,-0.007490134059936904,242.0
intraday_range,2025.0,-0.022769458947901056,-0.05184482680756898,243.0
intraday_range,2026.0,-0.18667043308225867,-0.19892699347780346,97.0
high_low_range_20d,2018.0,0.1794079223261493,0.20313437987088048,224.0
high_low_range_20d,2019.0,0.1596777725399361,0.10584619273523013,244.0
high_low_range_20d,2020.0,-0.2891884631585558,-0.27657031268789867,243.0
high_low_range_20d,2021.0,-0.08410292924143278,-0.09594163525084536,243.0
high_low_range_20d,2022.0,0.16301107887959262,0.08977109203438892,242.0
high_low_range_20d,2023.0,0.19280338648093825,0.2056831794374444,242.0
high_low_range_20d,2024.0,0.06691326521185696,0.2412642723647878,242.0
high_low_range_20d,2025.0,-0.022692125782973416,-0.05449846504841233,243.0
high_low_range_20d,2026.0,-0.38589294134849395,-0.4036792552072375,97.0
intraday_strength,2018.0,0.013525421300910456,0.004578572875619124,243.0
intraday_strength,2019.0,-0.06335609157144452,-0.05195058922428087,244.0
intraday_strength,2020.0,-0.06319106055438281,-0.07080969330654956,243.0
intraday_strength,2021.0,-0.04134416998762768,-0.040041514683815733,243.0
intraday_strength,2022.0,0.00113853024493651,0.026590986354597574,242.0
intraday_strength,2023.0,0.08103989463242002,0.09878837773934757,242.0
intraday_strength,2024.0,0.027006800628647725,0.014249535832829608,242.0
intraday_strength,2025.0,-0.04556613103445012,-0.061163045013769936,243.0
intraday_strength,2026.0,-0.026163423491627615,-0.008323690300862613,97.0
kbar_body,2018.0,0.017022821219301654,0.014894370150543481,243.0
kbar_body,2019.0,-0.046451791319420024,-0.0735004837751239,244.0
kbar_body,2020.0,-0.05516845185718434,-0.06696875757257217,243.0
kbar_body,2021.0,-0.018825325618082485,-0.024563406996653395,243.0
kbar_body,2022.0,-0.08998768791312582,-0.056822903756308586,242.0
kbar_body,2023.0,0.001239254172426677,0.10805995917513088,242.0
kbar_body,2024.0,0.11277038683435152,0.059264872737125544,242.0
kbar_body,2025.0,-0.12927477775363017,-0.13493102911880855,243.0
kbar_body,2026.0,-0.11258088683573039,-0.0985298758678729,97.0
upper_shadow_pct,2018.0,0.1554368770489907,0.1750128535031095,243.0
upper_shadow_pct,2019.0,0.09849276816317591,0.05087669585014263,244.0
upper_shadow_pct,2020.0,-0.08442168765130038,-0.08504797909599474,243.0
upper_shadow_pct,2021.0,0.04094067468978565,0.03156705291544221,243.0
upper_shadow_pct,2022.0,-0.07110477762229146,-0.08027145979525359,242.0
upper_shadow_pct,2023.0,0.11231775136512841,0.12315469898787125,242.0
upper_shadow_pct,2024.0,0.023751669075736198,0.0925571614619009,242.0
upper_shadow_pct,2025.0,-0.02660649436514952,-0.04567647857240024,243.0
upper_shadow_pct,2026.0,-0.1831083437802116,-0.14494792762465808,97.0
lower_shadow_pct,2018.0,0.10343382508050708,0.0818570790737253,243.0
lower_shadow_pct,2019.0,0.05210611271746861,0.0033577328512174685,244.0
lower_shadow_pct,2020.0,-0.05831804078909161,-0.02931208221590732,243.0
lower_shadow_pct,2021.0,-0.003897504348933976,-0.03958962677252971,243.0
lower_shadow_pct,2022.0,0.15718081769212988,0.13782224296092616,242.0
lower_shadow_pct,2023.0,0.10607115273240462,0.07700775348528494,242.0
lower_shadow_pct,2024.0,-0.047768206598643004,0.04812219607006465,242.0
lower_shadow_pct,2025.0,0.13175555934346694,0.0969381067714054,243.0
lower_shadow_pct,2026.0,-0.02845757255963531,-0.0773772735520604,97.0
gap_return,2018.0,0.10745216703168363,0.11913369935462048,242.0
gap_return,2019.0,-0.07001082790397078,-0.047427211910085976,244.0
gap_return,2020.0,-0.04789580113388796,-0.025759141994505675,243.0
gap_return,2021.0,-0.07769900901100577,-0.02396307897920407,243.0
gap_return,2022.0,0.030031447125256593,0.012403833995054033,242.0
gap_return,2023.0,-0.0014646862296768385,0.00195201049830016,242.0
gap_return,2024.0,-0.042670989695040074,-0.001565746321609875,242.0
gap_return,2025.0,0.07330007603104773,0.010454333489994163,243.0
gap_return,2026.0,0.03155650508551303,0.045012525420304116,97.0
gap_abs,2018.0,0.10492862801607648,0.16748895799345892,242.0
gap_abs,2019.0,0.012764160022949696,-0.004903072942908833,244.0
gap_abs,2020.0,-0.07051237775151081,-0.10044392706299128,243.0
gap_abs,2021.0,-0.12308551397480601,-0.11230306713928878,243.0
gap_abs,2022.0,0.04180276672567307,0.09006740680854114,242.0
gap_abs,2023.0,0.017666021061212095,0.09076531175986235,242.0
gap_abs,2024.0,-0.06902696081698599,0.018828755792858608,242.0
gap_abs,2025.0,-0.007914246322118961,0.00641631894600746,243.0
gap_abs,2026.0,-0.10626990552576247,-0.07328507279209899,97.0
gap_risk_20d,2018.0,0.26923678353369646,0.2505065674971879,224.0
gap_risk_20d,2019.0,-0.21688343593585752,-0.26104071275847357,244.0
gap_risk_20d,2020.0,-0.2066672821122678,-0.1697721631084776,243.0
gap_risk_20d,2021.0,-0.21473905189632972,-0.2815252002862371,243.0
gap_risk_20d,2022.0,-0.18055768866333916,-0.20698177648463337,242.0
gap_risk_20d,2023.0,-0.04001035380544215,-0.037263971750868444,242.0
gap_risk_20d,2024.0,-0.049456936853498376,-0.030726316922248094,242.0
gap_risk_20d,2025.0,-0.1086250041564678,-0.15015754976726572,243.0
gap_risk_20d,2026.0,-0.18754329003975517,-0.16242331793263318,97.0
limit_up_20d_count,2018.0,,,224.0
limit_up_20d_count,2019.0,,,244.0
limit_up_20d_count,2020.0,,,243.0
limit_up_20d_count,2021.0,,,243.0
limit_up_20d_count,2022.0,,,242.0
limit_up_20d_count,2023.0,,,242.0
limit_up_20d_count,2024.0,0.02483375513479237,0.07973153315616088,242.0
limit_up_20d_count,2025.0,,,243.0
limit_up_20d_count,2026.0,0.008890267772764408,-0.04186387643951924,97.0
