portfolio,total_return,annual_return,annual_volatility,sharpe,sortino,calmar,max_drawdown,win_rate,profit_loss_ratio,trade_count,avg_holding_days,turnover,single_period_max_loss,max_consecutive_losses,excess_total_return,excess_vs_buy_hold,strategy_name,kind,fast,slow,window,risk_filter,buy_hold_total_return,beats_buy_hold
strategy,4.499420190694205,0.2338772221109222,0.4363613433580147,0.535971450429413,0.6696312806608588,0.6664989356619105,-0.3509041194171677,0.4315068493150685,1.5684073832538272,274.0,7.569343065693431,274.0,-0.16675690308608548,11.0,-0.4890736608119731,2.1879447808581234,momentum_10_gap_risk,momentum,,,10.0,gap_risk,2.3114754098360817,True
strategy,3.257532779399919,0.19554912159454663,0.44043945404799983,0.4439863863177783,0.5537668363752879,0.5572722312845542,-0.3509041194171676,0.42772612003381233,1.56196672692646,282.0,7.432624113475177,282.0,-0.16675690308608548,11.0,-0.5928970329926904,0.9460573695638375,momentum_10_limit_tradable,momentum,,,10.0,limit_tradable,2.3114754098360817,True
strategy,4.329790651744852,0.22912033017429612,0.42294503825626784,0.5417260150844213,0.6579598599636869,0.5293202538510712,-0.43285766699333805,0.4831144465290807,1.2665376415743388,81.0,25.170731707317074,81.0,-0.16675690308608548,7.0,-0.5526596466006368,2.01831524190877,ma_10_120_gap_risk,ma,10.0,120.0,,gap_risk,2.3114754098360817,True
strategy,2.9302301709909404,0.18381655527655094,0.44175295524161723,0.4161071320417365,0.5174402293053219,0.5238369831105435,-0.3509041194171676,0.4282094594594595,1.5495811775015216,278.0,7.561151079136691,278.0,-0.16675690308608548,11.0,-0.6207488622472155,0.6187547611548587,momentum_10_none,momentum,,,10.0,none,2.3114754098360817,True
strategy,3.4415908979766163,0.20180365480449614,0.4249161572819008,0.47492582088521096,0.5814294631215325,0.466212499379392,-0.43285766699333683,0.4795158286778399,1.2670708577675112,85.0,24.13953488372093,85.0,-0.16675690308608548,9.0,-0.6222433037300795,1.1301154881405346,ma_10_120_limit_tradable,ma,10.0,120.0,,limit_tradable,2.3114754098360817,True
strategy,3.058477344717206,0.18851227929503378,0.42608696547979913,0.44242676863573566,0.5393874093495299,0.4355063885190132,-0.43285766699333683,0.4795158286778399,1.258875663260063,83.0,24.738095238095237,83.0,-0.16675690308608548,9.0,-0.6521379263945934,0.7470019348811241,ma_10_120_none,ma,10.0,120.0,,none,2.3114754098360817,True
strategy,4.875428820968477,0.24397913928988624,0.43641643065616137,0.5590512229868578,0.7112912338494752,0.4300911586883767,-0.5672730870216789,0.47705627705627707,1.2935155169417967,83.0,26.714285714285715,83.0,-0.16675690308608548,9.0,-0.45790148335647207,2.563953411132395,ma_10_180_gap_risk,ma,10.0,180.0,,gap_risk,2.3114754098360817,True
strategy,3.919744810806228,0.21704878985007725,0.4095580195902498,0.5299585882049823,0.6282943160321918,0.41290866388823444,-0.5256581148145337,0.4839622641509434,1.256466574956055,75.0,27.105263157894736,75.0,-0.16675690308608548,9.0,-0.6233882494130829,1.6082694009701464,ma_60_120_gap_risk,ma,60.0,120.0,,gap_risk,2.3114754098360817,True
strategy,2.7592786801405453,0.17734378939186746,0.4191083829704306,0.4231454120171574,0.5056391166922956,0.410887395150561,-0.43161165683090275,0.4727626459143969,1.2925639169665257,101.0,19.294117647058822,101.0,-0.16675690308608548,9.0,-0.6928302967504574,0.44780327030446365,ma_10_120_close_gt_ma120,ma,10.0,120.0,,close_gt_ma120,2.3114754098360817,True
strategy,3.517872678081666,0.20432939358945035,0.4182642745722931,0.4885174422281048,0.5849326800204533,0.3999545435568082,-0.5108815411180048,0.48405797101449277,1.2497563740738347,73.0,27.18918918918919,73.0,-0.16675690308608548,9.0,-0.6329162976673814,1.2063972682455844,ma_30_120_gap_risk,ma,30.0,120.0,,gap_risk,2.3114754098360817,True
strategy,4.722902943122303,0.23995167399183925,0.4323405992495289,0.5550061095542619,0.6945559740841237,0.39945771839171956,-0.6006935476373393,0.4794759825327511,1.280149156517957,81.0,27.121951219512194,81.0,-0.16675690308608548,11.0,-0.48699435316197504,2.4114275332862216,ma_20_180_gap_risk,ma,20.0,180.0,,gap_risk,2.3114754098360817,True
strategy,3.668339314260555,0.2092037234228148,0.42189600887552065,0.4958656138521088,0.6007524702121116,0.39268452639709217,-0.532752653490764,0.48269410664172124,1.2562377235202502,75.0,27.31578947368421,75.0,-0.16675690308608548,10.0,-0.6110648268186258,1.3568639044244732,ma_20_120_gap_risk,ma,20.0,120.0,,gap_risk,2.3114754098360817,True
strategy,2.830307477604812,0.18006387889687647,0.346440395399844,0.5197542817980445,0.5739268128135613,0.38530625170213895,-0.46732664757299314,0.4784688995215311,1.3003719670562532,86.0,18.53488372093023,86.0,-0.11015806886410973,9.0,-0.801085076194657,0.5188320677687304,ma_30_120_vol_pct_lt_80,ma,30.0,120.0,,vol_pct_lt_80,2.3114754098360817,True
strategy,3.896299475548755,0.21633223322173345,0.4383304607222538,0.4935368462991931,0.6324971870708441,0.38135465646278055,-0.5672730870216791,0.47377472055030095,1.2938148057208263,87.0,25.636363636363637,87.0,-0.16675690308608548,9.0,-0.5422247442155868,1.5848240657126733,ma_10_180_limit_tradable,ma,10.0,180.0,,limit_tradable,2.3114754098360817,True
strategy,3.218872394585831,0.1942053348282924,0.42397074238593635,0.4580630581614738,0.5577528659221711,0.3773814837287511,-0.5146127809701457,0.47641073080481033,1.2787132755373223,91.0,22.652173913043477,91.0,-0.16675690308608548,8.0,-0.6436470318071904,0.9073969847497492,ma_5_120_gap_risk,ma,5.0,120.0,,gap_risk,2.3114754098360817,True
strategy,3.451292425329873,0.20212697979175265,0.4139666194715455,0.48826878855541656,0.5878023564788717,0.3740928557378878,-0.5403123227067856,0.48333333333333334,1.242063332722158,75.0,29.210526315789473,75.0,-0.16675690308608548,9.0,-0.6491224919605043,1.1398170154937914,ma_60_180_gap_risk,ma,60.0,180.0,,gap_risk,2.3114754098360817,True
strategy,2.6780777280134873,0.17417839191710738,0.34366982990698597,0.506818977866776,0.5591157743984964,0.3712672183533774,-0.4691456269411912,0.4789053591790194,1.2860412538479078,88.0,19.045454545454547,88.0,-0.11015806886410973,9.0,-0.8122111106209795,0.36660231817740563,ma_60_120_vol_pct_lt_80,ma,60.0,120.0,,vol_pct_lt_80,2.3114754098360817,True
strategy,2.3695572498440662,0.161564222496563,0.3909552646670541,0.4132550117573031,0.443343314681325,0.36861680645070377,-0.4382985790914269,0.4725943970767357,1.3084595816799043,89.0,17.377777777777776,89.0,-0.16675690308608548,12.0,-0.7712956629856054,0.05808184000798455,ma_20_60_close_gt_ma120,ma,20.0,60.0,,close_gt_ma120,2.3114754098360817,True
strategy,3.0998784379816033,0.1900003993179411,0.4115901140908385,0.4616252743038618,0.5517623291675673,0.3614524230924853,-0.5256581148145338,0.4803370786516854,1.2567521804939976,79.0,25.9,79.0,-0.16675690308608548,9.0,-0.6819700936947777,0.7884030281455217,ma_60_120_limit_tradable,ma,60.0,120.0,,limit_tradable,2.3114754098360817,True
strategy,3.162398131149514,0.1922228256619538,0.359323553636782,0.5349574880812294,0.627837498678434,0.3581564936110442,-0.5367006576480131,0.48289345063538613,1.2574643321401102,82.0,24.073170731707318,82.0,-0.11015806886410973,8.0,-0.7675617941613151,0.8509227213134323,ma_60_250_vol_pct_lt_80,ma,60.0,250.0,,vol_pct_lt_80,2.3114754098360817,True
strategy,3.473964611085158,0.20288017856090534,0.43946723395004156,0.46165029583062994,0.5892614686450248,0.3576411136055746,-0.5672730870216791,0.47377472055030095,1.2860710325821325,85.0,26.25581395348837,85.0,-0.16675690308608548,9.0,-0.5784518148987969,1.1624892012490764,ma_10_180_none,ma,10.0,180.0,,none,2.3114754098360817,True
strategy,3.7691917531233585,0.21239427662304577,0.43427162522443485,0.4890816352859315,0.6166114843811862,0.35358175139127024,-0.6006935476373391,0.4761491760624458,1.2804873514138266,85.0,26.0,85.0,-0.16675690308608548,11.0,-0.5667922268923099,1.4577163432872768,ma_20_180_limit_tradable,ma,20.0,180.0,,limit_tradable,2.3114754098360817,True
strategy,3.343477048997242,0.19849852484939667,0.3627552179079276,0.547196883877156,0.6367506773455897,0.3512435676068814,-0.5651307046042764,0.4725158562367865,1.3267109370454926,94.0,19.21276595744681,94.0,-0.11015806886410973,15.0,-0.7520979493451574,1.0320016391611602,ma_20_180_vol_pct_lt_80,ma,20.0,180.0,,vol_pct_lt_80,2.3114754098360817,True
strategy,2.3475543682873825,0.1606264099390602,0.39017671125807796,0.4116760567824246,0.44470756582272797,0.3493369900090056,-0.45980361236558254,0.44469525959367945,1.4619517738395915,217.0,7.165137614678899,217.0,-0.16675690308608548,15.0,-0.7742429571010709,0.036078958451300824,ma_10_180_amount_liquidity,ma,10.0,180.0,,amount_liquidity,2.3114754098360817,True
strategy,2.764977552845417,0.17756368621698648,0.4202527873064587,0.42251637961773386,0.5100827747424895,0.34756332324790834,-0.5108815411180042,0.48034515819750717,1.250623790133237,77.0,25.94871794871795,77.0,-0.16675690308608548,9.0,-0.6900160569151609,0.45350214300933533,ma_30_120_limit_tradable,ma,30.0,120.0,,limit_tradable,2.3114754098360817,True
strategy,2.890369202418462,0.1823296861477084,0.4238686094611496,0.43015614291300835,0.5253094205888588,0.34224078463622215,-0.5327526534907638,0.479108635097493,1.2568592139541024,79.0,26.1,79.0,-0.16675690308608548,10.0,-0.6715635757702377,0.5788937925823805,ma_20_120_limit_tradable,ma,20.0,120.0,,limit_tradable,2.3114754098360817,True
strategy,3.265630201663236,0.1958292222107305,0.4224457606905621,0.4635606282108574,0.5671170208689921,0.3395976104302348,-0.5766507660717497,0.4820960698689956,1.2421895299450927,77.0,28.564102564102566,77.0,-0.16675690308608548,7.0,-0.6438088708840649,0.9541547918271545,ma_30_180_gap_risk,ma,30.0,180.0,,gap_risk,2.3114754098360817,True
strategy,2.7468183197609086,0.176861973753893,0.38159977651840543,0.46347504541937945,0.49294315654193016,0.33779494906646756,-0.5235779109269395,0.4827586206896552,1.2670728162005362,63.0,25.5,63.0,-0.16675690308608548,8.0,-0.7603545508923798,0.43534290992482694,ma_5_120_mdd60_gt_-25,ma,5.0,120.0,,mdd60_gt_-25,2.3114754098360817,True
strategy,2.7462396107266382,0.1768395621874217,0.41279718845943036,0.4283933300209516,0.5098602349350854,0.3364155469183909,-0.5256581148145338,0.4803370786516854,1.2484441321211524,77.0,26.58974358974359,77.0,-0.16675690308608548,9.0,-0.707138102995219,0.43476420089055656,ma_60_120_none,ma,60.0,120.0,,none,2.3114754098360817,True
strategy,3.3578206834584474,0.19898577388493321,0.4354185226252476,0.456998872453101,0.5738933331130113,0.3312600487679423,-0.6006935476373391,0.4761491760624458,1.2727386182807952,83.0,26.642857142857142,83.0,-0.16675690308608548,11.0,-0.6010750947812623,1.0463452736223657,ma_20_180_none,ma,20.0,180.0,,none,2.3114754098360817,True
strategy,3.412536937144278,0.20083164958402855,0.4130646720588354,0.4861990462244683,0.5927644219487423,0.3291591833022866,-0.6101353380731681,0.483704974271012,1.2375698771640176,71.0,31.583333333333332,71.0,-0.16675690308608548,8.0,-0.654288261647846,1.1010615273081963,ma_60_250_gap_risk,ma,60.0,250.0,,gap_risk,2.3114754098360817,True
strategy,3.2104577437310615,0.19391142210651213,0.4334089634441263,0.44740981027613325,0.5654934042057564,0.32573515715882895,-0.5953039389357675,0.4800332778702163,1.2472809138191325,89.0,25.866666666666667,89.0,-0.16675690308608548,8.0,-0.6199751552492192,0.8989823338949798,ma_10_250_gap_risk,ma,10.0,250.0,,gap_risk,2.3114754098360817,True
strategy,2.709492776063322,0.17541022012706353,0.41597503542077213,0.42168448870887276,0.5115842935860331,0.3246459737366647,-0.540312322706786,0.4799651567944251,1.2421308531344726,79.0,27.9,79.0,-0.16675690308608548,9.0,-0.7037013825710214,0.3980173662272404,ma_60_180_limit_tradable,ma,60.0,180.0,,limit_tradable,2.3114754098360817,True
strategy,2.4402259128711865,0.16454039320464942,0.4214343258861593,0.3904295001567959,0.46938639063828574,0.3220715174883244,-0.5108815411180042,0.48034515819750717,1.2424128517887618,75.0,26.657894736842106,75.0,-0.16675690308608548,9.0,-0.7145473308861666,0.12875050303510482,ma_30_120_none,ma,30.0,120.0,,none,2.3114754098360817,True
strategy,2.554801789105247,0.1692536834481404,0.4250406458419873,0.39820587772930777,0.48429471413363084,0.31769655643972255,-0.5327526534907638,0.479108635097493,1.2487836857389334,77.0,26.794871794871796,77.0,-0.16675690308608548,10.0,-0.6975551281863339,0.24332637926916512,ma_20_120_none,ma,20.0,120.0,,none,2.3114754098360817,True
strategy,2.6349919193635185,0.17247384927041187,0.35617945490607417,0.4842330092169237,0.5540590672102463,0.3159363355757633,-0.5459133054642007,0.4786150712830957,1.2694434957357998,84.0,22.5,84.0,-0.11015806886410973,11.0,-0.8007784094062358,0.3235165095274368,ma_60_180_vol_pct_lt_80,ma,60.0,180.0,,vol_pct_lt_80,2.3114754098360817,True
strategy,2.4098499176905728,0.16326775553833595,0.4258273318933829,0.3834130486936765,0.4703100152319681,0.3084942668382985,-0.5292408095995994,0.4724264705882353,1.279019845031517,95.0,21.8125,95.0,-0.16675690308608548,9.0,-0.7083985885628684,0.09837450785449109,ma_5_120_limit_tradable,ma,5.0,120.0,,limit_tradable,2.3114754098360817,True
strategy,2.38952702710721,0.16241074342310058,0.4171683769338734,0.38931700580181994,0.47043274544901814,0.30058678397241895,-0.540312322706786,0.4799651567944251,1.2343793288226876,77.0,28.641025641025642,77.0,-0.16675690308608548,9.0,-0.7271496376291589,0.0780516172711283,ma_60_180_none,ma,60.0,180.0,,none,2.3114754098360817,True
strategy,2.554770818557192,0.16925242752357472,0.4244136898646198,0.3987911595819709,0.4916129740941577,0.2935094124240103,-0.5766507660717499,0.4787510841283608,1.2426313821403372,81.0,27.317073170731707,81.0,-0.16675690308608548,9.0,-0.6992142936513372,0.2432954087211101,ma_30_180_limit_tradable,ma,30.0,180.0,,limit_tradable,2.3114754098360817,True
strategy,2.677195818299069,0.17414367808101328,0.4150771553421382,0.41954532028502217,0.5153687361638802,0.28541811498898984,-0.6101353380731667,0.4804088586030664,1.2374529505973855,75.0,30.07894736842105,75.0,-0.16675690308608548,9.0,-0.7080636183406156,0.3657204084629875,ma_60_250_limit_tradable,ma,60.0,250.0,,limit_tradable,2.3114754098360817,True
strategy,2.893888554455796,0.18246149906722153,0.4491540767431005,0.4062336479060453,0.5143879222267658,0.28123194461719353,-0.6487936472351459,0.4420866489832007,1.4629002157219777,208.0,9.951923076923077,208.0,-0.16675690308608548,9.0,-0.6031367387717766,0.5824131446197143,momentum_20_gap_risk,momentum,,,20.0,gap_risk,2.3114754098360817,True
strategy,2.508792748688677,0.1673772497091235,0.4353278804482065,0.3844854814646712,0.4894532328917613,0.2811626780235086,-0.595303938935767,0.4768595041322314,1.2475463503929771,93.0,24.893617021276597,93.0,-0.16675690308608548,9.0,-0.6790879052992944,0.19731733885259528,ma_10_250_limit_tradable,ma,10.0,250.0,,limit_tradable,2.3114754098360817,True
strategy,2.827777980819112,0.1799677726946407,0.4485903071956881,0.40118515671836297,0.5104458447352237,0.2773883089971349,-0.6487936472351455,0.4409171075837742,1.4679611422896908,212.0,9.773584905660377,212.0,-0.16675690308608548,9.0,-0.6115411802548636,0.5163025709830302,momentum_20_limit_tradable,momentum,,,20.0,limit_tradable,2.3114754098360817,True
strategy,2.3600158734687193,0.16115820872830544,0.4162729259915518,0.38714554482358077,0.4736139978349391,0.2641351822650527,-0.6101353380731667,0.4804088586030664,1.2298065377546883,73.0,30.91891891891892,73.0,-0.16675690308608548,9.0,-0.7311666580959051,0.04854046363263764,ma_60_250_none,ma,60.0,250.0,,none,2.3114754098360817,True
strategy,2.4954675193241056,0.16682976505197167,0.4227344616416713,0.39464434577700475,0.49117857532893805,0.26063995245899046,-0.6400774842000516,0.47956630525437866,1.2348325737925872,81.0,28.4390243902439,81.0,-0.16675690308608548,8.0,-0.707641149403974,0.1839921094880239,ma_20_250_gap_risk,ma,20.0,250.0,,gap_risk,2.3114754098360817,True
strategy,2.5335132546390984,0.16838811453072267,0.44987920297307243,0.37429628535374093,0.4748475374525748,0.25954032572346214,-0.6487936472351455,0.44140969162995597,1.4565090304095352,208.0,9.990384615384615,208.0,-0.16675690308608548,9.0,-0.6381174756807866,0.2220378448030167,momentum_20_none,momentum,,,20.0,none,2.3114754098360817,True
strategy,2.9326883828283723,0.18390781651043353,0.4396218255311174,0.41833186122697663,0.5298463771939788,0.25438016085665066,-0.7229644634672199,0.4734133790737564,1.2775900031706846,95.0,23.5,95.0,-0.16675690308608548,9.0,-0.6291286063010743,0.6212129729922906,ma_5_180_gap_risk,ma,5.0,180.0,,gap_risk,2.3114754098360817,True
strategy,1.9349392551386857,0.1419555674759947,0.3839126810562086,0.369760037843634,0.38974507824214577,0.3577473148203812,-0.39680400549552175,0.4777777777777778,1.2681625882623544,85.0,18.0,85.0,-0.16675690308608548,9.0,-0.8095605185326971,-0.376536154697396,ma_30_60_close_gt_ma120,ma,30.0,60.0,,close_gt_ma120,2.3114754098360817,False
strategy,2.194896823156228,0.15396678545726794,0.41351516550223066,0.37233649041690925,0.43698898291145527,0.3472629511195765,-0.44337233488593786,0.4675324675324675,1.3079187089409745,101.0,18.745098039215687,101.0,-0.16675690308608548,11.0,-0.7487457989539988,-0.11657858667985366,ma_20_120_close_gt_ma120,ma,20.0,120.0,,close_gt_ma120,2.3114754098360817,False
strategy,2.1612058003662407,0.15245953114681132,0.38367167582458844,0.397369784514702,0.41760797570114355,0.3469137662931279,-0.43947385765599534,0.44779582366589327,1.4404472840624358,213.0,7.093457943925234,213.0,-0.16675690308608548,15.0,-0.7953591818265053,-0.15026960946984103,ma_20_180_amount_liquidity,ma,20.0,180.0,,amount_liquidity,2.3114754098360817,False
strategy,1.9088306062553606,0.14069822428006873,0.4140827715664239,0.33978285005151204,0.39933382279644114,0.341337062333368,-0.4121973257701952,0.46844181459566075,1.291955759618438,103.0,18.596153846153847,103.0,-0.16675690308608548,9.0,-0.7703567712290307,-0.4026448035807211,ma_10_250_close_gt_ma120,ma,10.0,250.0,,close_gt_ma120,2.3114754098360817,False
strategy,1.970544515867672,0.14365453731528066,0.3413469050373568,0.4208461690887726,0.4677609638510405,0.32760799223381226,-0.43849521599202956,0.4691501746216531,1.3171150592598808,100.0,16.24,100.0,-0.11015806886410973,10.0,-0.8501991364499729,-0.3409308939684097,ma_5_120_vol_pct_lt_80,ma,5.0,120.0,,vol_pct_lt_80,2.3114754098360817,False
strategy,2.29249066223252,0.15825556848375655,0.34578999342115874,0.45766381761952096,0.5058409801957464,0.32686538306510354,-0.4841612990637064,0.47740440324449596,1.2837776047433003,86.0,19.13953488372093,86.0,-0.11015806886410973,15.0,-0.8297251708411139,-0.018984747603561836,ma_20_120_vol_pct_lt_80,ma,20.0,120.0,,vol_pct_lt_80,2.3114754098360817,False
strategy,1.9421020608714423,0.1422988002527401,0.3973009455780054,0.3581637593278806,0.4029364507626307,0.32183060247001954,-0.44215434815897003,0.4774869109947644,1.2511293839341646,83.0,21.904761904761905,83.0,-0.16675690308608548,9.0,-0.7924438150849401,-0.36937334896463936,ma_60_120_close_gt_ma250,ma,60.0,120.0,,close_gt_ma250,2.3114754098360817,False
strategy,1.6980426131123378,0.13016799208006913,0.3586689093175918,0.3629196417602196,0.3547704191638914,0.32120724993304356,-0.4052461210237408,0.45073891625615764,1.4128973233312503,209.0,6.761904761904762,209.0,-0.16675690308608548,15.0,-0.8500585305233205,-0.6134327967237438,ma_60_180_amount_liquidity,ma,60.0,180.0,,amount_liquidity,2.3114754098360817,False
strategy,2.0269390862015806,0.14630932079173453,0.3433819943903436,0.42608326348473485,0.46931375062898084,0.3091634548456663,-0.47324261163005765,0.47294117647058825,1.2995678457933755,92.0,17.543478260869566,92.0,-0.11015806886410973,11.0,-0.8456017042180634,-0.2845363236345011,ma_10_120_vol_pct_lt_80,ma,10.0,120.0,,vol_pct_lt_80,2.3114754098360817,False
strategy,1.917882192423939,0.1411352480086172,0.4074491438588433,0.34638739615934033,0.4006896586088035,0.3022616659451423,-0.4669306892334536,0.47633136094674555,1.250867648822534,91.0,21.195652173913043,91.0,-0.16675690308608548,9.0,-0.7799662213639724,-0.3935932174121426,ma_10_120_close_gt_ma250,ma,10.0,120.0,,close_gt_ma250,2.3114754098360817,False
strategy,2.212546074032762,0.15475081617256659,0.4270966116765733,0.36233210927403575,0.4428200929445983,0.3007131223613045,-0.5146127809701456,0.472910927456382,1.27096950425027,93.0,22.319148936170212,93.0,-0.16675690308608548,9.0,-0.72289179478444,-0.09892933580331986,ma_5_120_none,ma,5.0,120.0,,none,2.3114754098360817,False
strategy,2.094397746655157,0.14942857451792757,0.38352244594550067,0.3896214578772312,0.41366897322322066,0.2980142603512921,-0.5014141750860671,0.4451901565995526,1.4504803476356045,227.0,6.868421052631579,227.0,-0.16675690308608548,9.0,-0.799909793920992,-0.21707766318092458,ma_10_250_amount_liquidity,ma,10.0,250.0,,amount_liquidity,2.3114754098360817,False
strategy,2.17933659402826,0.15327239915894308,0.38345693896475536,0.3997121543105803,0.4192748968892305,0.29408208414922116,-0.5211891761525012,0.4501187648456057,1.430590108524628,197.0,7.545454545454546,197.0,-0.16675690308608548,9.0,-0.794389954218422,-0.1321388158078216,ma_20_120_amount_liquidity,ma,20.0,120.0,,amount_liquidity,2.3114754098360817,False
strategy,1.9108166704990075,0.14079421634396172,0.42040974165612616,0.3348976067712633,0.4041513128298756,0.27854862406707676,-0.5054565134382331,0.46102021174205965,1.3288485379878567,111.0,17.660714285714285,111.0,-0.16675690308608548,14.0,-0.7601645230411396,-0.4006587393370742,ma_10_180_close_gt_ma120,ma,10.0,180.0,,close_gt_ma120,2.3114754098360817,False
strategy,1.4342267672907187,0.11592126120594237,0.3623920426958239,0.3198780534572654,0.3157301144203981,0.27631716500893055,-0.4195224759279642,0.44640605296343,1.42443651363246,197.0,7.040404040404041,197.0,-0.16675690308608548,17.0,-0.861678888103925,-0.8772486425453629,ma_60_120_amount_liquidity,ma,60.0,120.0,,amount_liquidity,2.3114754098360817,False
strategy,2.2877679812406613,0.15805061215405702,0.3815673145973558,0.41421423195233054,0.43732608479733776,0.27141325235204095,-0.5823245946334814,0.4820574162679426,1.2567956607898543,61.0,26.193548387096776,61.0,-0.16675690308608548,8.0,-0.7898179081291361,-0.02370742859542041,ma_10_120_mdd60_gt_-25,ma,10.0,120.0,,mdd60_gt_-25,2.3114754098360817,False
strategy,1.867759130338154,0.13870013048007213,0.42321332038286785,0.32773101365192014,0.39414512142147595,0.27133913638344526,-0.5111689096115749,0.4683663833805477,1.2873887829725357,103.0,19.5,103.0,-0.16675690308608548,12.0,-0.7591422112195869,-0.4437162794979277,ma_5_120_close_gt_ma120,ma,5.0,120.0,,close_gt_ma120,2.3114754098360817,False
strategy,2.2481507559258698,0.15632105307032074,0.42558319251974247,0.3673102129451908,0.45106142956594325,0.2710844453311113,-0.5766507660717499,0.4787510841283608,1.2350913266177983,79.0,28.025,79.0,-0.16675690308608548,9.0,-0.7230176445461353,-0.06332465391021191,ma_30_180_none,ma,30.0,180.0,,none,2.3114754098360817,False
strategy,1.9969333582198185,0.14490224730199186,0.3724339637261108,0.38906829509392826,0.39645187247822705,0.2667740880592249,-0.543164624256247,0.48481012658227846,1.2392572035287677,57.0,26.482758620689655,57.0,-0.16675690308608548,10.0,-0.8188917221412104,-0.31454205161626314,ma_30_120_mdd60_gt_-25,ma,30.0,120.0,,mdd60_gt_-25,2.3114754098360817,False
strategy,1.6808142588346167,0.12927576283877973,0.4152025806287209,0.3113558751080588,0.3717567670692426,0.2667552029340685,-0.4846232104073773,0.46563407550822844,1.297410814022065,109.0,17.89090909090909,109.0,-0.16675690308608548,9.0,-0.7868129738721682,-0.630661151001465,ma_5_250_close_gt_ma120,ma,5.0,250.0,,close_gt_ma120,2.3114754098360817,False
strategy,1.6461078959744584,0.12746300520127507,0.3575713013249676,0.3564687790350218,0.348353915656074,0.2663998609278338,-0.4784649840181563,0.484375,1.2312805360789916,59.0,24.8,59.0,-0.16675690308608548,10.0,-0.8537777046994004,-0.6653675138616233,ma_60_120_mdd60_gt_-25,ma,60.0,120.0,,mdd60_gt_-25,2.3114754098360817,False
strategy,1.3758658828942059,0.11258758494253418,0.3706860457899705,0.30372760512902053,0.30865873867223165,0.2655663840954798,-0.4239526976503746,0.44575471698113206,1.4172241873971627,213.0,6.953271028037383,213.0,-0.16675690308608548,15.0,-0.8582585869459963,-0.9356095269418758,ma_30_180_amount_liquidity,ma,30.0,180.0,,amount_liquidity,2.3114754098360817,False
strategy,2.16912715643637,0.15281517519092103,0.42573930544843447,0.35894072554555334,0.4169922493267946,0.2620912951690491,-0.5830608570664474,0.48158640226628896,1.2292816357748426,80.0,25.65,80.0,-0.16675690308608548,9.0,-0.7290544190057209,-0.14234825339971158,ma_60_90_gap_risk,ma,60.0,90.0,,gap_risk,2.3114754098360817,False
strategy,2.284813560537514,0.15792226403688936,0.3609226158818702,0.4375515888662883,0.5112743534045379,0.2604660544412074,-0.6063065084457511,0.4671610169491525,1.323706200053953,96.0,18.770833333333332,96.0,-0.11015806886410973,11.0,-0.81467509252028,-0.02666184929856774,ma_10_180_vol_pct_lt_80,ma,10.0,180.0,,vol_pct_lt_80,2.3114754098360817,False
strategy,2.2061385672300995,0.15446661382857974,0.4364684057984661,0.3539010195846863,0.4488008757105603,0.25947520875592023,-0.595303938935767,0.4768595041322314,1.2402782321965908,91.0,25.456521739130434,91.0,-0.16675690308608548,9.0,-0.7044840030370336,-0.1053368426059822,ma_10_250_none,ma,10.0,250.0,,none,2.3114754098360817,False
strategy,1.7592841068624918,0.13329967453129332,0.3862102698782047,0.3451479282861398,0.36557514749484976,0.2591934400582513,-0.5142864514678129,0.44457409568261375,1.4425721090101435,205.0,7.359223300970874,205.0,-0.16675690308608548,9.0,-0.8185650776010018,-0.5521913029735899,ma_10_120_amount_liquidity,ma,10.0,120.0,,amount_liquidity,2.3114754098360817,False
strategy,2.2536213689330014,0.15656097916339484,0.4250829861014998,0.36830685838367516,0.4460399536141876,0.25622720014236844,-0.6110240406810998,0.4720767888307155,1.2707964872810005,117.0,18.559322033898304,117.0,-0.16675690308608548,8.0,-0.7235251816197661,-0.05785404090308033,momentum_120_gap_risk,momentum,,,120.0,gap_risk,2.3114754098360817,False
strategy,2.3107888819196685,0.1590472539804002,0.3564832518658542,0.44615631491223656,0.5093039139730663,0.2554278184520106,-0.6226700558470367,0.47594142259414224,1.275652711779884,88.0,20.84090909090909,88.0,-0.11015806886410973,7.0,-0.8181915870073606,-0.0006865279164132154,ma_30_180_vol_pct_lt_80,ma,30.0,180.0,,vol_pct_lt_80,2.3114754098360817,False
strategy,2.122729514179012,0.15072087223305686,0.38024884754004845,0.39637430384896216,0.4182345349232455,0.25372118154463974,-0.5940413461559535,0.48028673835125446,1.260196314668885,57.0,28.06896551724138,57.0,-0.16675690308608548,11.0,-0.8019816917014269,-0.18874589565706978,ma_20_120_mdd60_gt_-25,ma,20.0,120.0,,mdd60_gt_-25,2.3114754098360817,False
strategy,1.5359502632896835,0.12156789649194999,0.36969684935673913,0.3288313024670735,0.33737009097673587,0.2523375796007138,-0.48176691194515253,0.44342857142857145,1.438045408916763,231.0,6.568965517241379,231.0,-0.16675690308608548,10.0,-0.8495544242371077,-0.7755251465463981,ma_20_250_amount_liquidity,ma,20.0,250.0,,amount_liquidity,2.3114754098360817,False
strategy,2.12661563039488,0.15089732735159034,0.3648490515553823,0.4135883777367717,0.48713205636188833,0.2513768592253054,-0.6002832870799109,0.4725274725274725,1.2835931438811068,100.0,19.1,100.0,-0.11015806886410973,8.0,-0.8194605755430111,-0.1848597794412017,ma_10_250_vol_pct_lt_80,ma,10.0,250.0,,vol_pct_lt_80,2.3114754098360817,False
strategy,2.0201988106411632,0.14599431412203034,0.40313710272847064,0.3621455656994278,0.39620829042090855,0.2511250789579151,-0.5813609486071953,0.4186893203883495,1.6320644532365527,268.0,5.1716417910447765,268.0,-0.16675690308608548,10.0,-0.7768163908483066,-0.29127659919491844,momentum_20_amount_liquidity,momentum,,,20.0,amount_liquidity,2.3114754098360817,False
strategy,1.7795517751577035,0.13432267911266593,0.34908726347105384,0.38478252622872877,0.4280302273185327,0.2469776617511138,-0.5438657008909032,0.46509129967776586,1.3180915801954631,122.0,14.327868852459016,122.0,-0.11015806886410973,10.0,-0.8537795158910999,-0.5319236346783782,momentum_120_vol_pct_lt_80,momentum,,,120.0,vol_pct_lt_80,2.3114754098360817,False
strategy,1.2430827153225041,0.10472682229266761,0.3992134292478491,0.26233291422581034,0.289883714618471,0.24455253650645753,-0.428238544521914,0.4665924276169265,1.2862885969918054,97.0,17.448979591836736,97.0,-0.16675690308608548,11.0,-0.8396276655351278,-1.0683926945135775,ma_20_90_close_gt_ma120,ma,20.0,90.0,,close_gt_ma120,2.3114754098360817,False
strategy,1.8013969776141385,0.13541801197240066,0.38793592467451243,0.3490731416174453,0.3694902566436238,0.24183513928664344,-0.5599600305061201,0.4435389988358556,1.4498480325446899,201.0,7.544554455445544,201.0,-0.16675690308608548,9.0,-0.8137567840183753,-0.5100784322219432,ma_5_120_amount_liquidity,ma,5.0,120.0,,amount_liquidity,2.3114754098360817,False
strategy,1.899469579580193,0.14024500442774634,0.38493298414692473,0.364336157730293,0.3798367316586097,0.23323143131241822,-0.601312625998017,0.45365853658536587,1.4002043129532606,148.0,10.121621621621621,148.0,-0.16675690308608548,9.0,-0.8107435440760518,-0.41200583025588866,momentum_20_close_gt_ma120,momentum,,,20.0,close_gt_ma120,2.3114754098360817,False
strategy,2.275028010693055,0.15749642900691585,0.43311728780408876,0.36363459377349067,0.46350409381367796,0.23104924535180438,-0.6816574049705542,0.4763485477178423,1.2453751082078621,91.0,25.369565217391305,91.0,-0.16675690308608548,7.0,-0.7051929149262528,-0.036447399143026527,ma_5_250_gap_risk,ma,5.0,250.0,,gap_risk,2.3114754098360817,False
strategy,1.4441852170361114,0.11648309307011417,0.363716782638546,0.3202576802343283,0.3190122649795215,0.23007351072977325,-0.506286415592303,0.43702770780856426,1.4824659473590147,186.0,7.559139784946237,186.0,-0.16675690308608548,12.0,-0.8600224685433486,-0.8672901927999703,momentum_10_close_gt_ma120,momentum,,,10.0,close_gt_ma120,2.3114754098360817,False
strategy,1.1815055174415288,0.10094209450185287,0.4078912594498585,0.24747305112151233,0.27559803660623383,0.2287203901549167,-0.4413340429923317,0.4797570850202429,1.2105100039987595,87.0,21.636363636363637,87.0,-0.16675690308608548,11.0,-0.8348967115563481,-1.129969892394553,ma_30_90_gap_risk,ma,30.0,90.0,,gap_risk,2.3114754098360817,False
strategy,2.0001259293950757,0.145052543793998,0.3827585165532261,0.37896620851237706,0.4019948499499751,0.2268263442864786,-0.639487200000008,0.47508690614136734,1.2784493387241753,65.0,25.333333333333332,65.0,-0.16675690308608548,11.0,-0.8067446788804007,-0.31134948044100597,ma_20_180_mdd60_gt_-25,ma,20.0,180.0,,mdd60_gt_-25,2.3114754098360817,False
strategy,1.6912379791691698,0.12981618931589445,0.3855759193718658,0.3366812676667554,0.3575419802426382,0.2261747702302777,-0.5739640596682084,0.44258639910813824,1.4476046477250666,229.0,6.834782608695652,229.0,-0.16675690308608548,9.0,-0.8237939176647208,-0.6202374306669118,ma_5_250_amount_liquidity,ma,5.0,250.0,,amount_liquidity,2.3114754098360817,False
strategy,1.4939268527565353,0.1192597043032193,0.3999222613085916,0.2982072163549682,0.3252447477668217,0.22600272475727592,-0.5276914445668862,0.4644107351225204,1.3123572925697584,95.0,16.958333333333332,95.0,-0.16675690308608548,9.0,-0.820892369724089,-0.8175485570795464,ma_10_60_close_gt_ma120,ma,10.0,60.0,,close_gt_ma120,2.3114754098360817,False
strategy,1.1369605818091166,0.09814539279654944,0.3915958135937173,0.25062932081898043,0.2669319317383131,0.22326587635386128,-0.43958975907718045,0.46162790697674416,1.3123590505467095,127.0,12.515625,127.0,-0.16675690308608548,9.0,-0.8545666371249363,-1.174514828026965,momentum_40_close_gt_ma120,momentum,,,40.0,close_gt_ma120,2.3114754098360817,False
strategy,1.1941395850915728,0.1017261937636389,0.3648074718070524,0.27884898645234474,0.2751208076197568,0.2201657530028745,-0.4620436756224786,0.4331983805668016,1.4953222765999112,191.0,6.760416666666667,191.0,-0.16675690308608548,9.0,-0.8734912127362164,-1.1173358247445089,ma_30_60_amount_liquidity,ma,30.0,60.0,,amount_liquidity,2.3114754098360817,False
strategy,1.9129543226843468,0.14089747093783433,0.42469611246513644,0.3317606797010667,0.4159262712040924,0.22012564793452052,-0.6400774842000523,0.4763877381938691,1.2349865810442184,85.0,27.25581395348837,85.0,-0.16675690308608548,9.0,-0.753117480488442,-0.39852108715173484,ma_20_250_limit_tradable,ma,20.0,250.0,,limit_tradable,2.3114754098360817,False
strategy,1.1640020114448633,0.09984918208709348,0.37207921119243703,0.2683546381618513,0.2712791889679253,0.21938899864403513,-0.4551239246462928,0.4236842105263158,1.549503152603557,203.0,6.490196078431373,203.0,-0.16675690308608548,10.0,-0.8696350719766524,-1.1474733983912184,ma_20_60_amount_liquidity,ma,20.0,60.0,,amount_liquidity,2.3114754098360817,False
strategy,0.9733019241954108,0.08741100531094093,0.37121508568694084,0.2354726644505439,0.23763851703420374,0.21887540898518648,-0.39936421234446173,0.4346153846153846,1.4664778489121926,199.0,6.84,199.0,-0.16675690308608548,11.0,-0.881754019669711,-1.3381734856406708,ma_20_90_amount_liquidity,ma,20.0,90.0,,amount_liquidity,2.3114754098360817,False
strategy,1.3419099197917106,0.11061477710596712,0.4132550317083485,0.26766710292358314,0.3139037237918031,0.21884133286469992,-0.5054565134382335,0.4606965174129353,1.3124720612387104,111.0,17.053571428571427,111.0,-0.16675690308608548,14.0,-0.8162630172003017,-0.9695654900443711,ma_20_180_close_gt_ma120,ma,20.0,180.0,,close_gt_ma120,2.3114754098360817,False
strategy,1.5110769487457354,0.12020578425781459,0.42551558621023644,0.2824944329969243,0.341660356632748,0.2183818570403871,-0.550438511178994,0.46226415094339623,1.306329824648751,111.0,18.053571428571427,111.0,-0.16675690308608548,12.0,-0.7857657596435932,-0.8003984610903463,ma_5_180_close_gt_ma120,ma,5.0,180.0,,close_gt_ma120,2.3114754098360817,False
strategy,2.2773131379992186,0.15759596998292658,0.4415125956629035,0.35694558101180807,0.45537155656921735,0.2179857765444265,-0.7229644634672199,0.47018739352640543,1.2781196499111824,99.0,22.68,99.0,-0.16675690308608548,9.0,-0.6868175397991572,-0.034162271836863045,ma_5_180_limit_tradable,ma,5.0,180.0,,limit_tradable,2.3114754098360817,False
strategy,1.4801463011556728,0.1184953623001026,0.3623126336091988,0.3270528027678859,0.32836697408800997,0.21603409688017655,-0.5485030558200548,0.4809976247030879,1.2313882203561655,61.0,26.35483870967742,61.0,-0.16675690308608548,9.0,-0.8591104030470831,-0.8313291086804089,ma_60_180_mdd60_gt_-25,ma,60.0,180.0,,mdd60_gt_-25,2.3114754098360817,False
strategy,1.784638134088277,0.13457838479953743,0.4170883126575108,0.32266160598473914,0.382005340930154,0.21586992240323682,-0.6234235103311434,0.4762357414448669,1.2415131516326752,83.0,24.214285714285715,83.0,-0.16675690308608548,12.0,-0.776044895694341,-0.5268372757478046,ma_20_180_close_gt_ma250,ma,20.0,180.0,,close_gt_ma250,2.3114754098360817,False
strategy,1.5986410878887658,0.12494970354697843,0.407476154653768,0.3066429829572433,0.3536078950952718,0.21510175687561442,-0.5808864853634474,0.479,1.2270083120520876,79.0,24.15,79.0,-0.16675690308608548,9.0,-0.8040266924877025,-0.7128343219473159,ma_20_120_close_gt_ma250,ma,20.0,120.0,,close_gt_ma250,2.3114754098360817,False
strategy,1.1200946536978273,0.09707313156108954,0.39988128503174314,0.24275487549607064,0.2754351113261439,0.21383765995501658,-0.45395713543400207,0.467005076142132,1.2707835799814182,103.0,18.03846153846154,103.0,-0.16675690308608548,9.0,-0.8479427166817393,-1.1913807561382543,ma_20_250_close_gt_ma120,ma,20.0,250.0,,close_gt_ma120,2.3114754098360817,False
strategy,0.9362211305367802,0.08487077042461588,0.3832965760475235,0.22142324176173458,0.23644976858998873,0.21008984749340606,-0.40397368762562247,0.3987878787878788,1.704375140498217,306.0,4.398692810457517,306.0,-0.16675690308608548,18.0,-0.8742060303907411,-1.3752542792993014,momentum_10_amount_liquidity,momentum,,,10.0,amount_liquidity,2.3114754098360817,False
strategy,1.3433508872167814,0.1106990038409621,0.3770761396847525,0.29357201952239653,0.30110265178857576,0.20830151410093026,-0.5314363859464031,0.44512946979038226,1.4237543442469396,193.0,7.402061855670103,193.0,-0.16675690308608548,12.0,-0.8544313296108483,-0.9681245226193003,ma_30_120_amount_liquidity,ma,30.0,120.0,,amount_liquidity,2.3114754098360817,False
strategy,1.878859431022585,0.13924261251038939,0.3611176237223486,0.38558797290228186,0.4493490708385199,0.20783514483025542,-0.6699666344886597,0.46624472573839665,1.313476653782996,104.0,17.346153846153847,104.0,-0.11015806886410973,10.0,-0.837409098312081,-0.43261597881349667,ma_5_180_vol_pct_lt_80,ma,5.0,180.0,,vol_pct_lt_80,2.3114754098360817,False
strategy,1.666009058732346,0.12850499966051654,0.41879115362715136,0.3068474549845057,0.36862547607607377,0.20730131406846852,-0.619894766407864,0.47096774193548385,1.262332595449257,95.0,21.770833333333332,95.0,-0.16675690308608548,11.0,-0.7830623180926111,-0.6454663511037357,ma_10_180_close_gt_ma250,ma,10.0,180.0,,close_gt_ma250,2.3114754098360817,False
strategy,1.6296980613327077,0.12659863018286321,0.42692737165587935,0.29653434890304203,0.3617026172071939,0.20329078043641227,-0.6227465402567149,0.4683434518647008,1.2709831521794317,121.0,18.0327868852459,121.0,-0.16675690308608548,9.0,-0.7737623803855057,-0.681777348503374,momentum_120_limit_tradable,momentum,,,120.0,limit_tradable,2.3114754098360817,False
strategy,1.0432570337671025,0.09209143315938939,0.3899095076693055,0.23618668267380397,0.2576295964647438,0.20328639286728553,-0.4530132679343216,0.4688195991091314,1.2658103920282717,99.0,17.1,99.0,-0.16675690308608548,9.0,-0.8624331675324315,-1.2682183760689791,ma_30_90_close_gt_ma120,ma,30.0,90.0,,close_gt_ma120,2.3114754098360817,False
strategy,1.783561040249134,0.13452427043301274,0.3575078811918533,0.37628337027015507,0.4382868832338039,0.20267077692534197,-0.6637576096260172,0.47326732673267324,1.2656490589139002,92.0,21.065217391304348,92.0,-0.11015806886410973,8.0,-0.8462768020577748,-0.5279143695869477,ma_20_250_vol_pct_lt_80,ma,20.0,250.0,,vol_pct_lt_80,2.3114754098360817,False
strategy,1.293126521294317,0.10773615542349613,0.40977345490903555,0.26291638497523506,0.298562652916003,0.20253186082464092,-0.5319467020390328,0.46977730646871685,1.2678398112004416,95.0,18.791666666666668,95.0,-0.16675690308608548,12.0,-0.8242589205542387,-1.0183488885417646,ma_10_90_close_gt_ma120,ma,10.0,90.0,,close_gt_ma120,2.3114754098360817,False
strategy,1.2358977616769273,0.10428994061747021,0.396219073040943,0.26321282268684093,0.283450318975838,0.20245875465561158,-0.5151169718240662,0.47202797202797203,1.2615641263311836,87.0,18.613636363636363,87.0,-0.16675690308608548,10.0,-0.8432176584833734,-1.0755776481591544,ma_5_60_close_gt_ma120,ma,5.0,60.0,,close_gt_ma120,2.3114754098360817,False
strategy,1.4597990363823148,0.1173599602892561,0.4290742588388543,0.2735189955390275,0.31948591958131334,0.20128252285658293,-0.5830608570664477,0.47797563261480785,1.2241313891133137,82.0,25.195121951219512,82.0,-0.16675690308608548,9.0,-0.7848670689707069,-0.8516763734537669,ma_60_90_none,ma,60.0,90.0,,none,2.3114754098360817,False
strategy,1.4597990363823148,0.1173599602892561,0.4290742588388543,0.2735189955390275,0.31948591958131334,0.20128252285658293,-0.5830608570664477,0.47797563261480785,1.2241313891133137,82.0,25.195121951219512,82.0,-0.16675690308608548,9.0,-0.7848670689707069,-0.8516763734537669,ma_60_90_limit_tradable,ma,60.0,90.0,,limit_tradable,2.3114754098360817,False
strategy,1.6616947387468954,0.128279688787307,0.4258624288213098,0.30122330617978194,0.37617356465926444,0.20041274994640176,-0.6400774842000523,0.4763877381938691,1.2277094411111658,83.0,27.928571428571427,83.0,-0.16675690308608548,9.0,-0.7726550819026308,-0.6497806710891862,ma_20_250_none,ma,20.0,250.0,,none,2.3114754098360817,False
strategy,1.9946254456197576,0.144793510393314,0.4426366264877065,0.32711597217392807,0.4157536185646877,0.20027749316876226,-0.7229644634672199,0.47018739352640543,1.2706544113112657,97.0,23.163265306122447,97.0,-0.16675690308608548,9.0,-0.7116019355896122,-0.31684996421632405,ma_5_180_none,ma,5.0,180.0,,none,2.3114754098360817,False
strategy,1.5144007427333475,0.12038848473468633,0.3602014168780416,0.3342254613491649,0.33919678416633703,0.20021930685518896,-0.6012830961489581,0.4813519813519814,1.2301102609665944,61.0,26.838709677419356,61.0,-0.16675690308608548,8.0,-0.858918150915472,-0.7970746671027342,ma_60_250_mdd60_gt_-25,ma,60.0,250.0,,mdd60_gt_-25,2.3114754098360817,False
strategy,1.1384285493467061,0.09823836833306898,0.3533248911781443,0.2780397610977761,0.27093216755730387,0.19917566199878195,-0.49322476123448133,0.44226044226044225,1.4307294041458136,219.0,6.427272727272728,219.0,-0.16675690308608548,15.0,-0.8848962143301508,-1.1730468604893756,ma_60_250_amount_liquidity,ma,60.0,250.0,,amount_liquidity,2.3114754098360817,False
strategy,1.2441200665149834,0.10478979712846526,0.3811251483721164,0.2749485243260631,0.2874475167816687,0.19594511039156598,-0.5347915899460776,0.4768133174791914,1.2410530272557172,73.0,21.91891891891892,73.0,-0.16675690308608548,8.0,-0.8569604259715964,-1.0673553433210983,ma_30_60_mdd60_gt_-25,ma,30.0,60.0,,mdd60_gt_-25,2.3114754098360817,False
strategy,1.4775360754140334,0.11835016616660954,0.42819143548858757,0.27639545389684445,0.33604750104581316,0.1936915052224234,-0.6110240406811001,0.46880415944540726,1.2634574998477792,119.0,18.366666666666667,119.0,-0.16675690308608548,9.0,-0.785006868057875,-0.8339393344220483,momentum_120_none,momentum,,,120.0,none,2.3114754098360817,False
strategy,1.0707559343218307,0.09389288532750828,0.40780500697019695,0.23023965798038895,0.26592655768642537,0.19354393662951597,-0.48512439584836553,0.4625641025641026,1.2932584221974186,105.0,17.528301886792452,105.0,-0.16675690308608548,15.0,-0.8434207671010675,-1.240719475514251,ma_30_120_close_gt_ma120,ma,30.0,120.0,,close_gt_ma120,2.3114754098360817,False
strategy,1.729250650426689,0.13177156430762227,0.4350313315176304,0.30290131942435045,0.3888248079596752,0.19331054477918352,-0.6816574049705537,0.47320692497938993,1.2456847034491234,95.0,24.4375,95.0,-0.16675690308608548,9.0,-0.7510500681457571,-0.5822247594093928,ma_5_250_limit_tradable,ma,5.0,250.0,,limit_tradable,2.3114754098360817,False
strategy,1.1681054574115262,0.1001060933395077,0.40929875029850804,0.24457952355461324,0.2836595746020678,0.19146420920162402,-0.5228449419185682,0.4696078431372549,1.2565688278696108,97.0,19.959183673469386,97.0,-0.16675690308608548,9.0,-0.8345548371318512,-1.1433699524245555,ma_5_120_close_gt_ma250,ma,5.0,120.0,,close_gt_ma250,2.3114754098360817,False
strategy,1.112094137244494,0.09656187662126059,0.3724344683690153,0.2592721265680093,0.26024268981778065,0.1860996306256028,-0.5188719413179534,0.47853535353535354,1.2304425232650076,65.0,23.21212121212121,65.0,-0.16675690308608548,11.0,-0.8723741852431345,-1.1993812725915878,ma_30_90_mdd60_gt_-25,ma,30.0,90.0,,mdd60_gt_-25,2.3114754098360817,False
strategy,1.2018399456380657,0.10220215650467068,0.4156626825606426,0.24587763297649418,0.28383011808225256,0.18603242114726287,-0.5493781991030889,0.4690721649484536,1.265892192495234,99.0,18.54,99.0,-0.16675690308608548,9.0,-0.824468557311972,-1.109635464198016,ma_5_90_close_gt_ma120,ma,5.0,90.0,,close_gt_ma120,2.3114754098360817,False
strategy,1.4010800747824184,0.11403657452734861,0.41403242492408177,0.2754290912076722,0.32170169606278065,0.18597802296500615,-0.6131723131007036,0.4669811320754717,1.2764348614094698,121.0,16.491803278688526,121.0,-0.16675690308608548,9.0,-0.8109190840340462,-0.9103953350536633,momentum_120_close_gt_ma250,momentum,,,120.0,close_gt_ma250,2.3114754098360817,False
strategy,1.3172897371824046,0.10916862432106877,0.36985942169409536,0.2951624804392852,0.30043696531194913,0.18149141069688937,-0.601508489585727,0.47794994040524436,1.2380789658441658,79.0,20.15,79.0,-0.16675690308608548,8.0,-0.8623524201489046,-0.9941856726536771,momentum_120_mdd60_gt_-25,momentum,,,120.0,mdd60_gt_-25,2.3114754098360817,False
strategy,1.2297637066549023,0.1039159838825785,0.40356581622800414,0.2574945144111727,0.29351174427717247,0.18141720057672847,-0.5728011652270444,0.4757481940144479,1.2312023156046294,81.0,22.804878048780488,81.0,-0.16675690308608548,12.0,-0.8362561247791671,-1.0817117031811794,ma_30_120_close_gt_ma250,ma,30.0,120.0,,close_gt_ma250,2.3114754098360817,False
strategy,1.1599277599526472,0.09959367575886713,0.41415617463396304,0.24047371947765694,0.2733654718624516,0.18097940773780768,-0.550303910283277,0.4744744744744745,1.234421071804722,97.0,19.571428571428573,97.0,-0.16675690308608548,8.0,-0.8295149837037377,-1.1515476498834345,ma_30_60_gap_risk,ma,30.0,60.0,,gap_risk,2.3114754098360817,False
strategy,1.3385338941649052,0.11041726521541495,0.4022655073491648,0.27448852361973264,0.3114919044985337,0.17881829855701262,-0.617483032253607,0.47783251231527096,1.222301311146319,89.0,21.711111111111112,89.0,-0.16675690308608548,9.0,-0.8296837490920939,-0.9729415156711765,ma_60_180_close_gt_ma250,ma,60.0,180.0,,close_gt_ma250,2.3114754098360817,False
strategy,1.066539968754019,0.09361806395450056,0.35284893770017733,0.26532052091382424,0.2531903554865746,0.1782735229281963,-0.525137229672672,0.4341279799247177,1.4802899280376316,186.0,7.602150537634409,186.0,-0.16675690308608548,11.0,-0.8888439643466456,-1.2449354410820628,momentum_10_mdd60_gt_-25,momentum,,,10.0,mdd60_gt_-25,2.3114754098360817,False
strategy,1.5318725664492896,0.12134539868333483,0.3862545580459,0.31415913716910737,0.3385852295909633,0.17707000889391233,-0.6852961686811474,0.46842709529276694,1.2931023897377036,69.0,24.085714285714285,69.0,-0.16675690308608548,9.0,-0.8334146433232135,-0.7796028433867921,ma_10_180_mdd60_gt_-25,ma,10.0,180.0,,mdd60_gt_-25,2.3114754098360817,False
strategy,1.0677078015138401,0.09369423933101184,0.41332667405442575,0.22668326341472564,0.2541967213884382,0.1762037379315848,-0.5317380915459966,0.4729315628192033,1.2398886519207115,91.0,20.434782608695652,91.0,-0.16675690308608548,10.0,-0.8377334966438815,-1.2437676083222415,ma_20_90_gap_risk,ma,20.0,90.0,,gap_risk,2.3114754098360817,False
strategy,1.4938365975707932,0.11925471033400759,0.4361696262743827,0.273413605969407,0.34961091760030705,0.17494816232379837,-0.6816574049705537,0.47320692497938993,1.2384888397576956,93.0,24.97872340425532,93.0,-0.16675690308608548,9.0,-0.7707512788684953,-0.8176388122652885,ma_5_250_none,ma,5.0,250.0,,none,2.3114754098360817,False
strategy,0.9588388137701183,0.08642522293651722,0.32792808155805225,0.26354932010059523,0.27476629912559297,0.17469037420592262,-0.49473374437128603,0.41156462585034015,1.6074656148746072,262.0,5.755725190839694,262.0,-0.1539162112932606,11.0,-0.9083607232681172,-1.3526365960659634,momentum_10_vol_pct_lt_80,momentum,,,10.0,vol_pct_lt_80,2.3114754098360817,False
strategy,1.4631883416889142,0.11754965780817117,0.3625810118498897,0.3242024650117014,0.3809536312627636,0.1708497348075575,-0.6880295011319584,0.4682306940371456,1.2772711136710104,96.0,20.416666666666668,96.0,-0.11015806886410973,9.0,-0.8599258404381587,-0.8482870681471675,ma_30_250_vol_pct_lt_80,ma,30.0,250.0,,vol_pct_lt_80,2.3114754098360817,False
strategy,0.9250274987099714,0.08409556480930358,0.36328113893168273,0.23148893734645076,0.24712700493109074,0.17069372909314323,-0.4926693280185751,0.4697833523375142,1.2572934356210033,96.0,17.375,96.0,-0.12891207153502238,9.0,-0.8899139044910119,-1.3864479111261103,ma_60_90_vol_pct_lt_80,ma,60.0,90.0,,vol_pct_lt_80,2.3114754098360817,False
strategy,1.3079364045795319,0.10861569076559108,0.4128544505329213,0.263084703641653,0.3084493552237275,0.170599374959145,-0.6366710944374929,0.4738344433872502,1.2375868334795244,89.0,22.511111111111113,89.0,-0.16675690308608548,9.0,-0.8196764125215443,-1.0035390052565498,ma_30_180_close_gt_ma250,ma,30.0,180.0,,close_gt_ma250,2.3114754098360817,False
strategy,1.4893653186533684,0.1190071084599098,0.38788467204518734,0.3068105471464618,0.32939377468796016,0.17010559898016303,-0.699607239111441,0.4713302752293578,1.276068575579125,71.0,23.444444444444443,71.0,-0.16675690308608548,8.0,-0.8344803021909081,-0.8221100911827133,ma_5_180_mdd60_gt_-25,ma,5.0,180.0,,mdd60_gt_-25,2.3114754098360817,False
strategy,1.5386440787899271,0.12171471141282408,0.4235895048802415,0.28734118766052913,0.356735391028524,0.16843957141423468,-0.7226016451531893,0.47289407839866554,1.2423604208655055,87.0,26.431818181818183,87.0,-0.16675690308608548,8.0,-0.786571029173847,-0.7728313310461545,ma_30_250_gap_risk,ma,30.0,250.0,,gap_risk,2.3114754098360817,False
strategy,1.3311149357137069,0.10998234472532675,0.3643183613530799,0.3018852640774181,0.3556124719895802,0.16419133277337067,-0.6698425724890895,0.4694694694694695,1.2681701899015727,98.0,19.46938775510204,98.0,-0.11015806886410973,7.0,-0.8658949363998718,-0.9803604741223748,ma_5_250_vol_pct_lt_80,ma,5.0,250.0,,vol_pct_lt_80,2.3114754098360817,False
strategy,0.9703838719154227,0.08721262681515274,0.3611050399408387,0.24151595012199534,0.2406659908806792,0.16277145829872056,-0.5357980307278372,0.4358974358974359,1.455007147250474,196.0,7.387755102040816,196.0,-0.16675690308608548,11.0,-0.8888753992670809,-1.341091537920659,momentum_10_close_gt_ma250,momentum,,,10.0,close_gt_ma250,2.3114754098360817,False
strategy,1.1768429259797362,0.1006517173615451,0.4185874483663966,0.2404556509144129,0.28368390895392726,0.1626795691075965,-0.6187114824171553,0.46804326450344147,1.2669133585586525,101.0,19.098039215686274,101.0,-0.16675690308608548,10.0,-0.8229470223849543,-1.1346324838563455,ma_5_90_gap_risk,ma,5.0,90.0,,gap_risk,2.3114754098360817,False
strategy,1.2180471035521263,0.10319917885052732,0.37228571765829194,0.27720423845335435,0.2855189677410799,0.16218812274299602,-0.6362930719289301,0.4783625730994152,1.2285960336318478,61.0,26.774193548387096,61.0,-0.16675690308608548,8.0,-0.8662992598505337,-1.0934283062839554,ma_30_180_mdd60_gt_-25,ma,30.0,180.0,,mdd60_gt_-25,2.3114754098360817,False
strategy,1.1989880435867706,0.10202604956254269,0.39265350937993626,0.25983735564635196,0.27836048441796196,0.160391823222175,-0.6361050551886055,0.4403153153153153,1.4344246193835235,215.0,7.2592592592592595,215.0,-0.16675690308608548,15.0,-0.8494951492793137,-1.112487366249311,ma_5_180_amount_liquidity,ma,5.0,180.0,,amount_liquidity,2.3114754098360817,False
strategy,0.9938265396423254,0.08879911266575236,0.38010541142995097,0.23361707041131405,0.2398098204354301,0.16003691815950663,-0.5548664251160316,0.43703703703703706,1.4496561916809576,205.0,6.902912621359223,205.0,-0.16675690308608548,9.0,-0.873865588820895,-1.3176488701937563,ma_10_90_amount_liquidity,ma,10.0,90.0,,amount_liquidity,2.3114754098360817,False
strategy,1.0235979434273634,0.09079049109033588,0.3735497648259098,0.24304791393095412,0.24289146666528671,0.15837604387537974,-0.5732589908722279,0.4794007490636704,1.2212496815204652,62.0,25.0,62.0,-0.16675690308608548,9.0,-0.8768828868910586,-1.2878774664087183,ma_60_90_mdd60_gt_-25,ma,60.0,90.0,,mdd60_gt_-25,2.3114754098360817,False
strategy,1.2619528508340565,0.10586840708340062,0.3823931294997171,0.2768575032242543,0.29389261679373146,0.1579447871066454,-0.6702874404580226,0.473621103117506,1.2580467308016698,75.0,21.157894736842106,75.0,-0.16675690308608548,10.0,-0.8546947025348823,-1.0495225590020252,ma_5_90_mdd60_gt_-25,ma,5.0,90.0,,mdd60_gt_-25,2.3114754098360817,False
strategy,1.2822421269805422,0.10708656800972016,0.424544241720235,0.25223888934592537,0.31031400575011775,0.15751799058255245,-0.6798370625074597,0.4736387208297321,1.2313794079826337,91.0,24.304347826086957,91.0,-0.16675690308608548,9.0,-0.8068520938052909,-1.0292332828555395,ma_10_250_close_gt_ma250,ma,10.0,250.0,,close_gt_ma250,2.3114754098360817,False
strategy,1.14441169164181,0.09861674016614153,0.4172794071348608,0.23633263103795948,0.2764636271272136,0.15747916743599102,-0.6262208631895726,0.4657258064516129,1.2780905277730041,93.0,20.25531914893617,93.0,-0.16675690308608548,10.0,-0.8271081068297428,-1.1670637181942718,ma_10_60_gap_risk,ma,10.0,60.0,,gap_risk,2.3114754098360817,False
strategy,1.2494404492382487,0.1051123828787568,0.3861384014039044,0.2722142695380568,0.2951475287217957,0.15589962816900632,-0.674231132641365,0.4737991266375546,1.2492238325950356,75.0,23.263157894736842,75.0,-0.16675690308608548,8.0,-0.8520807963457748,-1.062034960597833,ma_10_250_mdd60_gt_-25,ma,10.0,250.0,,mdd60_gt_-25,2.3114754098360817,False
strategy,0.9687353455717067,0.08710044085300384,0.41950674131399607,0.2076258431036991,0.2378107685838545,0.1504161320623343,-0.5790631607047861,0.465,1.273926645127307,101.0,18.745098039215687,101.0,-0.16675690308608548,8.0,-0.8388338999614724,-1.342740064264375,ma_20_60_gap_risk,ma,20.0,60.0,,gap_risk,2.3114754098360817,False
strategy,0.905065912992068,0.08270328094710622,0.37789234641993064,0.21885407770392545,0.23063347217334784,0.1500150541044253,-0.5512998774745403,0.4716312056737589,1.2456990545500701,93.0,17.148936170212767,93.0,-0.16675690308608548,9.0,-0.8811305112363732,-1.4064094968440137,ma_30_60_close_gt_ma250,ma,30.0,60.0,,close_gt_ma250,2.3114754098360817,False
strategy,0.9218166120759574,0.08387246818048033,0.36789694797013034,0.22797815704437419,0.22732093788576707,0.1467084260661649,-0.5716949627873057,0.4365482233502538,1.4507202087404676,204.0,6.745098039215686,204.0,-0.16675690308608548,11.0,-0.8871118757792205,-1.3896587977601242,ma_60_90_amount_liquidity,ma,60.0,90.0,,amount_liquidity,2.3114754098360817,False
strategy,0.8018412133535944,0.07529269092236124,0.3617984117659431,0.20810674805026524,0.20675923721547043,0.14663242553593117,-0.5134791342854199,0.437094682230869,1.439876969404653,191.0,7.072916666666667,191.0,-0.16675690308608548,9.0,-0.8979134552735188,-1.5096341964824873,ma_30_90_amount_liquidity,ma,30.0,90.0,,amount_liquidity,2.3114754098360817,False
strategy,0.6611516846376588,0.06456883511372324,0.4111121104969937,0.15705894685434088,0.17584977672738708,0.14630377180045714,-0.4413340429923317,0.4759036144578313,1.2036212157982418,89.0,21.31111111111111,89.0,-0.16675690308608548,11.0,-0.8716119128519428,-1.6503237251984229,ma_30_90_none,ma,30.0,90.0,,none,2.3114754098360817,False
strategy,0.6611516846376588,0.06456883511372324,0.4111121104969937,0.15705894685434088,0.17584977672738708,0.14630377180045714,-0.4413340429923317,0.4759036144578313,1.2036212157982418,89.0,21.31111111111111,89.0,-0.16675690308608548,11.0,-0.8716119128519428,-1.6503237251984229,ma_30_90_limit_tradable,ma,30.0,90.0,,limit_tradable,2.3114754098360817,False
strategy,1.172043889947906,0.10035227271127178,0.41758373289653083,0.24031652769418854,0.2910528550122292,0.14434016643855227,-0.6952484203625553,0.4712134632418069,1.241225038303009,91.0,23.695652173913043,91.0,-0.16675690308608548,9.0,-0.8248121554128093,-1.1394315198881757,ma_20_250_close_gt_ma250,ma,20.0,250.0,,close_gt_ma250,2.3114754098360817,False
strategy,0.8347403692468949,0.07769408868140126,0.41638547008130206,0.18659173833859038,0.21408833200695396,0.14118396622224091,-0.550303910283277,0.47070506454816285,1.2374559963814558,101.0,18.92156862745098,101.0,-0.16675690308608548,9.0,-0.8530004086306242,-1.4767350405891868,ma_30_60_limit_tradable,ma,30.0,60.0,,limit_tradable,2.3114754098360817,False
strategy,0.8714009179181612,0.08032596856855267,0.3792228693820891,0.21181731128040063,0.21600643722245574,0.1409100969992127,-0.5700511906467673,0.4409722222222222,1.4117323216129485,229.0,6.547826086956522,229.0,-0.16675690308608548,15.0,-0.8824538209232354,-1.4400744919179205,momentum_120_amount_liquidity,momentum,,,120.0,amount_liquidity,2.3114754098360817,False
strategy,0.8671840943733278,0.08002555300981151,0.4029540014106083,0.19859724119792482,0.22097693710881414,0.14067540564283748,-0.5688666945307368,0.4602332979851538,1.2977182887054297,142.0,12.352112676056338,142.0,-0.16675690308608548,9.0,-0.8633388372819085,-1.444291315462754,momentum_60_close_gt_ma120,momentum,,,60.0,close_gt_ma120,2.3114754098360817,False
strategy,1.0217038364269464,0.09066456389415012,0.38319555342824824,0.23660129425569307,0.2515365976164137,0.14049314576324137,-0.6453308693574117,0.4677033492822967,1.2757063990547488,73.0,21.756756756756758,73.0,-0.16675690308608548,10.0,-0.86951299352593,-1.2897715734091353,ma_10_60_mdd60_gt_-25,ma,10.0,60.0,,mdd60_gt_-25,2.3114754098360817,False
strategy,0.7828673189743693,0.07389020132890622,0.3820733626838567,0.19339270555232616,0.2058884674757778,0.1363030786088215,-0.5421022186957711,0.4623529411764706,1.2857798249534533,95.0,16.833333333333332,95.0,-0.16675690308608548,9.0,-0.8858145828752293,-1.5286080908617123,ma_20_60_close_gt_ma250,ma,20.0,60.0,,close_gt_ma250,2.3114754098360817,False
strategy,1.110425497209926,0.096455032007561,0.42482995657573885,0.2270438572294159,0.2818739531381261,0.1358342898076082,-0.710093395004878,0.46928327645051193,1.2462224882109765,101.0,22.137254901960784,101.0,-0.16675690308608548,15.0,-0.8210974142855659,-1.2010499126261558,ma_5_250_close_gt_ma250,ma,5.0,250.0,,close_gt_ma250,2.3114754098360817,False
strategy,0.7564045638856702,0.07191214585559891,0.41555936764716894,0.173049030906833,0.19589418411157364,0.13523978627620736,-0.5317380915459962,0.4690982776089159,1.2430378832085804,95.0,19.708333333333332,95.0,-0.16675690308608548,10.0,-0.8600867677143201,-1.5550708459504115,ma_20_90_limit_tradable,ma,20.0,90.0,,limit_tradable,2.3114754098360817,False
strategy,1.1155837387091672,0.09678508013347797,0.42553931501555275,0.22744098304980503,0.28441602793422355,0.13393974506238476,-0.7226016451531891,0.46975973487986744,1.242546198233146,91.0,25.41304347826087,91.0,-0.16675690308608548,9.0,-0.819769841251949,-1.1958916711269145,ma_30_250_limit_tradable,ma,30.0,250.0,,limit_tradable,2.3114754098360817,False
strategy,1.0363508842099187,0.09163567340131484,0.3861143696795919,0.23732779869694204,0.2573558229704132,0.1275206771170664,-0.7185946269497264,0.47194719471947194,1.2487835614848701,73.0,23.756756756756758,73.0,-0.16675690308608548,8.0,-0.8661629392761878,-1.275124525626163,ma_5_250_mdd60_gt_-25,ma,5.0,250.0,,mdd60_gt_-25,2.3114754098360817,False
strategy,0.6613778499491811,0.06458670345272743,0.40086111339846425,0.16111990236510398,0.1841388067230683,0.1271798224324837,-0.5078376602311641,0.459,1.2873285199708462,113.0,16.649122807017545,113.0,-0.16675690308608548,14.0,-0.880157871069805,-1.6500975598869005,ma_30_180_close_gt_ma120,ma,30.0,180.0,,close_gt_ma120,2.3114754098360817,False
strategy,0.9461338168253635,0.08555399178823775,0.3747781846863856,0.22827900684728844,0.24270714355954967,0.12442000058468082,-0.6876224994872051,0.4738562091503268,1.2328643700164617,67.0,26.176470588235293,67.0,-0.16675690308608548,8.0,-0.8808934259715034,-1.3653415930107182,ma_20_250_mdd60_gt_-25,ma,20.0,250.0,,mdd60_gt_-25,2.3114754098360817,False
strategy,0.8215603187703373,0.07673660980851094,0.4194921317929206,0.18292741148811686,0.2159199372945441,0.12253920991655119,-0.6262208631895727,0.462,1.2811222760279444,97.0,19.551020408163264,97.0,-0.16675690308608548,10.0,-0.8509250947723156,-1.4899150910657444,ma_10_60_limit_tradable,ma,10.0,60.0,,limit_tradable,2.3114754098360817,False
strategy,0.6764831325232514,0.06577530580890079,0.4175688837021018,0.1575196533461665,0.1800826958688411,0.11952541964501395,-0.550303910283277,0.47070506454816285,1.229296509548609,99.0,19.32,99.0,-0.16675690308608548,9.0,-0.8646335507012155,-1.6349922773128303,ma_30_60_none,ma,30.0,60.0,,none,2.3114754098360817,False
strategy,0.60796511816839,0.06030635533000028,0.3874161285057151,0.15566299617572749,0.17002949407568477,0.11902781225196361,-0.5066576809993028,0.46170212765957447,1.2735931724825102,109.0,16.2,109.0,-0.16675690308608548,14.0,-0.8935798191288213,-1.7035102916676916,ma_60_180_close_gt_ma120,ma,60.0,180.0,,close_gt_ma120,2.3114754098360817,False
strategy,0.7933826099987267,0.07466906537149476,0.42068546598562223,0.17749380810328905,0.21116187883310295,0.11848427806629776,-0.630202306923065,0.4638671875,1.2695925999121487,105.0,18.471698113207548,105.0,-0.16675690308608548,11.0,-0.8520659002436596,-1.518092799837355,ma_5_90_limit_tradable,ma,5.0,90.0,,limit_tradable,2.3114754098360817,False
strategy,0.9331020959887759,0.08465515999639739,0.42669947222115745,0.1983952770218586,0.24715444385403804,0.11715328987169794,-0.7226016451531891,0.46975973487986744,1.2352942030924372,89.0,26.0,89.0,-0.16675690308608548,9.0,-0.8340327587375693,-1.3783733138473058,ma_30_250_none,ma,30.0,250.0,,none,2.3114754098360817,False
strategy,0.7060981289032784,0.06807864933784491,0.3799755746935236,0.17916585662842938,0.19128613057028346,0.11690860054043939,-0.5823237043565165,0.47533632286995514,1.2126595248893202,85.0,19.906976744186046,85.0,-0.16675690308608548,13.0,-0.892227376113826,-1.6053772809328033,ma_30_90_close_gt_ma250,ma,30.0,90.0,,close_gt_ma250,2.3114754098360817,False
strategy,0.7355788127279423,0.07033699119023451,0.382416564267488,0.18392767929643358,0.1929436226994937,0.1150919238633044,-0.611137504954512,0.4667458432304038,1.263724901985337,75.0,21.31578947368421,75.0,-0.16675690308608548,8.0,-0.8885367158776954,-1.5758965971081393,ma_20_60_mdd60_gt_-25,ma,20.0,60.0,,mdd60_gt_-25,2.3114754098360817,False
strategy,0.7803067211929735,0.07369992907986411,0.42032073638577916,0.17534212019513779,0.1999107954449929,0.11496864143571431,-0.6410437503610413,0.46912350597609564,1.2437024884105978,97.0,19.632653061224488,97.0,-0.16675690308608548,9.0,-0.8535358064293949,-1.5311686886431082,ma_10_90_gap_risk,ma,10.0,90.0,,gap_risk,2.3114754098360817,False
strategy,0.6723328816158356,0.06544966994439383,0.42170607103175134,0.15520210506873627,0.17938613963049932,0.11302682399055414,-0.5790631607047861,0.46130952380952384,1.2769394271381724,105.0,18.150943396226417,105.0,-0.16675690308608548,9.0,-0.8610355832849881,-1.639142528220246,ma_20_60_limit_tradable,ma,20.0,60.0,,limit_tradable,2.3114754098360817,False
strategy,0.604904254900025,0.0600573085144378,0.41674454840463027,0.14411060383236565,0.16255981035630931,0.11294528165139502,-0.5317380915459962,0.4690982776089159,1.234720631317662,93.0,20.148936170212767,93.0,-0.16675690308608548,10.0,-0.8711591148791848,-1.7065711549360567,ma_20_90_none,ma,20.0,90.0,,none,2.3114754098360817,False
strategy,0.8337854640993658,0.0776249215329794,0.3850508326527916,0.20159655544226654,0.2098558720917847,0.11246553158107903,-0.690210773396094,0.4727932285368803,1.2396262052350313,69.0,22.82857142857143,69.0,-0.16675690308608548,8.0,-0.8802551300927978,-1.4776899457367159,ma_10_90_mdd60_gt_-25,ma,10.0,90.0,,mdd60_gt_-25,2.3114754098360817,False
strategy,0.6740514535536399,0.06558459792412252,0.33411963610249207,0.19629076186352687,0.2058876677034876,0.11179691671756325,-0.5866404892883705,0.4297619047619048,1.46807752563201,204.0,7.2745098039215685,204.0,-0.1539162112932606,13.0,-0.9189864118412499,-1.6374239562824418,momentum_20_vol_pct_lt_80,momentum,,,20.0,vol_pct_lt_80,2.3114754098360817,False
strategy,0.6363259991811963,0.06259437698986581,0.3809300196768725,0.16431988490421962,0.17630242287780248,0.10972362448586881,-0.5704731071650597,0.45966850828729283,1.2880175294541056,105.0,16.150943396226417,105.0,-0.16675690308608548,14.0,-0.8960058548193249,-1.6751494106548854,ma_60_250_close_gt_ma120,ma,60.0,250.0,,close_gt_ma120,2.3114754098360817,False
strategy,0.7834477108231863,0.07393329563011997,0.3741890184648945,0.1975827509140443,0.20296910670166446,0.1095000804395906,-0.675189418430681,0.44693396226415094,1.372674218311834,162.0,9.518518518518519,162.0,-0.16675690308608548,9.0,-0.8912596499819887,-1.5280276990128954,momentum_20_close_gt_ma250,momentum,,,20.0,close_gt_ma250,2.3114754098360817,False
strategy,0.7032064501231052,0.0678552963245278,0.38467999053015184,0.1763941405712632,0.1890082725690273,0.10897384633142752,-0.6226750601989045,0.4735099337748344,1.2207369866339899,86.0,20.209302325581394,86.0,-0.16675690308608548,9.0,-0.8891955576000092,-1.6082689597129765,ma_60_90_close_gt_ma250,ma,60.0,90.0,,close_gt_ma250,2.3114754098360817,False
strategy,0.6896122709389136,0.06680080698948432,0.42196501925836916,0.15830887381823985,0.18767787281715692,0.10796762123843226,-0.6187114824171549,0.46439024390243905,1.2613810701492483,103.0,18.865384615384617,103.0,-0.16675690308608548,10.0,-0.8594185375453943,-1.621863138897168,ma_5_90_none,ma,5.0,90.0,,none,2.3114754098360817,False
strategy,0.6706584919401886,0.06531809382170262,0.3664193794881801,0.17826047823382016,0.17963334789908292,0.10714689477110383,-0.6096125693725478,0.43508771929824563,1.43327000274624,233.0,6.333333333333333,233.0,-0.16675690308608548,15.0,-0.9029083951096569,-1.6408169178958931,ma_30_250_amount_liquidity,ma,30.0,250.0,,amount_liquidity,2.3114754098360817,False
strategy,0.8530987006042203,0.07901774899433955,0.4217108996080696,0.18737421552958958,0.22456184542168375,0.10672272595263148,-0.7404022741080594,0.4673321234119782,1.2485827657863615,107.0,19.574074074074073,107.0,-0.16675690308608548,9.0,-0.8462759897843439,-1.4583767092318614,ma_5_180_close_gt_ma250,ma,5.0,180.0,,close_gt_ma250,2.3114754098360817,False
strategy,0.8308950922764613,0.07741536909252722,0.3995864933372441,0.19373870334298307,0.22289738305743545,0.10473841658162904,-0.7391306038333385,0.4688995215311005,1.2427549013046835,91.0,21.847826086956523,91.0,-0.16675690308608548,9.0,-0.8690303168886563,-1.4805803175596204,ma_60_250_close_gt_ma250,ma,60.0,250.0,,close_gt_ma250,2.3114754098360817,False
strategy,0.6621593431330943,0.06464842942394355,0.3776355330671669,0.17119265472416514,0.17368624881711822,0.10398487981575544,-0.6217099018481362,0.4699248120300752,1.2453817941488659,67.0,22.647058823529413,67.0,-0.16675690308608548,11.0,-0.8963777384542094,-1.6493160667029874,ma_20_90_mdd60_gt_-25,ma,20.0,90.0,,mdd60_gt_-25,2.3114754098360817,False
strategy,0.664439939557032,0.06482841619590407,0.4206668205220718,0.15410869845986014,0.18119683580414714,0.1035232455618121,-0.6262208631895727,0.462,1.272710132170403,95.0,19.979166666666668,95.0,-0.16675690308608548,10.0,-0.8627224714556013,-1.6470354702790497,ma_10_60_none,ma,10.0,60.0,,none,2.3114754098360817,False
strategy,0.5610261370905403,0.05644061663535482,0.39125225801526897,0.1442563345746932,0.15985989122372454,0.10207275253644958,-0.5529449851487076,0.45771670190274844,1.291207307969834,111.0,16.0,111.0,-0.16675690308608548,14.0,-0.8941449320578067,-1.7504492727455414,ma_60_120_close_gt_ma120,ma,60.0,120.0,,close_gt_ma120,2.3114754098360817,False
strategy,0.6793025284655398,0.06599611759082258,0.37425901835023634,0.17633808233062423,0.1838452425627616,0.0995654814462141,-0.6628413445323829,0.4518779342723005,1.3391835020105585,143.0,10.916666666666666,143.0,-0.16675690308608548,10.0,-0.897455679240725,-1.6321728813705418,momentum_40_mdd60_gt_-25,momentum,,,40.0,mdd60_gt_-25,2.3114754098360817,False
strategy,0.7202534514055348,0.0691672395300511,0.3749350766030218,0.18447791056712684,0.19521239111435207,0.09747516180716279,-0.7095883530502483,0.47161572052401746,1.2313435806069504,69.0,25.34285714285714,69.0,-0.16675690308608548,8.0,-0.8946440886228425,-1.591221958430547,ma_30_250_mdd60_gt_-25,ma,30.0,250.0,,mdd60_gt_-25,2.3114754098360817,False
strategy,0.5960609590776293,0.059335427902858395,0.3825302777780641,0.1551130233337596,0.1581324881614389,0.09699202626435799,-0.6117557307353894,0.42712294043092525,1.4793131264497725,203.0,6.7745098039215685,203.0,-0.16675690308608548,9.0,-0.8975707432847311,-1.7154144507584523,ma_10_60_amount_liquidity,ma,10.0,60.0,,amount_liquidity,2.3114754098360817,False
strategy,0.5280842537648867,0.05366630450607901,0.4228736698267931,0.12690859785160058,0.1461662516647125,0.0926778081354044,-0.5790631607047861,0.46130952380952384,1.2686215103145846,103.0,18.51923076923077,103.0,-0.16675690308608548,9.0,-0.8720328438034917,-1.783391156071195,ma_20_60_none,ma,20.0,60.0,,none,2.3114754098360817,False
strategy,0.576882212147839,0.05775773394529082,0.38594788492486853,0.14965164003045223,0.15630615220272848,0.09206356703377504,-0.6273679785196835,0.4326923076923077,1.4423511010379475,213.0,6.813084112149533,213.0,-0.16675690308608548,9.0,-0.8965836315963898,-1.7345931976882427,ma_5_90_amount_liquidity,ma,5.0,90.0,,amount_liquidity,2.3114754098360817,False
strategy,0.5479458803806636,0.05534521975457207,0.38681071872917866,0.14308088446049871,0.15373009770253918,0.0902364274024616,-0.6133356710558588,0.46906636670416196,1.2340138926713637,89.0,18.88888888888889,89.0,-0.16675690308608548,9.0,-0.8979474096380052,-1.763529529455418,ma_20_90_close_gt_ma250,ma,20.0,90.0,,close_gt_ma250,2.3114754098360817,False
strategy,0.4983090318092218,0.05111319350349275,0.39220326832321956,0.13032322173656577,0.1428620518886629,0.0873835023120603,-0.5849295593687635,0.45554335894621295,1.3011082114699233,112.0,15.357142857142858,112.0,-0.16675690308608548,14.0,-0.8976660278560126,-1.8131663780268599,ma_60_90_close_gt_ma120,ma,60.0,90.0,,close_gt_ma120,2.3114754098360817,False
strategy,0.4778593530117745,0.049333820067900325,0.39572134080601645,0.12466808074443446,0.13867417183348368,0.08290004700338431,-0.5951000252857073,0.46097814776274715,1.2673738180527623,107.0,16.88888888888889,107.0,-0.16675690308608548,14.0,-0.8968767496286902,-1.8336160568243072,ma_30_250_close_gt_ma120,ma,30.0,250.0,,close_gt_ma120,2.3114754098360817,False
strategy,0.5122730822654618,0.05231604373173693,0.4225136571086746,0.12382095312550036,0.1424666159053045,0.081610722672629,-0.6410437503610409,0.4654150197628458,1.2468587328794305,101.0,18.980392156862745,101.0,-0.16675690308608548,9.0,-0.8737122060761646,-1.79920232757062,ma_10_90_limit_tradable,ma,10.0,90.0,,limit_tradable,2.3114754098360817,False
strategy,0.5320294173641895,0.054001308100295464,0.4002353445880609,0.13492388623467497,0.1506281016772365,0.0808327612175689,-0.6680621481548294,0.4635691657866948,1.2587009967079004,101.0,17.725490196078432,101.0,-0.16675690308608548,10.0,-0.88992178842054,-1.7794459924718922,ma_5_90_close_gt_ma250,ma,5.0,90.0,,close_gt_ma250,2.3114754098360817,False
strategy,0.572513529716058,0.05739600346681639,0.4135020815132842,0.13880463009222477,0.16498047277476108,0.07563045939077909,-0.7589006324853046,0.46835443037974683,1.2290512763416985,89.0,23.733333333333334,89.0,-0.16675690308608548,9.0,-0.8766820305999707,-1.7389618801200237,ma_30_250_close_gt_ma250,ma,30.0,250.0,,close_gt_ma250,2.3114754098360817,False
strategy,0.40300192293520953,0.04263061048097505,0.3342563461536466,0.12753867195502452,0.13551906811887265,0.07473750351089675,-0.5704045288957169,0.4552332912988651,1.298812609218606,108.0,13.75925925925926,108.0,-0.11015806886410973,12.0,-0.93198951690753,-1.9084734869008722,ma_5_90_vol_pct_lt_80,ma,5.0,90.0,,vol_pct_lt_80,2.3114754098360817,False
strategy,0.46306604736316115,0.04803311481024397,0.3964846673528381,0.12114747117698382,0.133453870091931,0.07099582637619177,-0.6765625144741145,0.46466809421841543,1.2486443526737043,101.0,17.45098039215686,101.0,-0.16675690308608548,9.0,-0.8974161942440433,-1.8484093624729205,ma_10_90_close_gt_ma250,ma,10.0,90.0,,close_gt_ma250,2.3114754098360817,False
strategy,0.3951904964811892,0.04191317218670565,0.41704783074452756,0.10049967676820395,0.11840486625445865,0.0697506059584363,-0.6009004740644304,0.4442361761949391,1.3485603896918912,185.0,10.56989247311828,185.0,-0.16675690308608548,13.0,-0.8878329846069216,-1.9162849133548925,momentum_40_gap_risk,momentum,,,40.0,gap_risk,2.3114754098360817,False
strategy,0.33257646965609466,0.03603160375521197,0.33205911583899783,0.10850960577959935,0.10658092318679482,0.06798509802385938,-0.5299926719612389,0.47066326530612246,1.2138910735242958,94.0,15.76595744680851,94.0,-0.12891207153502238,11.0,-0.9361771097529799,-1.978898940179987,ma_30_90_vol_pct_lt_80,ma,30.0,90.0,,vol_pct_lt_80,2.3114754098360817,False
strategy,0.3818305612513775,0.04067792993839392,0.4236778351532153,0.09601146570172475,0.11009245415116822,0.06345577804242501,-0.6410437503610409,0.4654150197628458,1.2387886779744108,99.0,19.38,99.0,-0.16675690308608548,9.0,-0.8837062736433728,-1.9296448485847042,ma_10_90_none,ma,10.0,90.0,,none,2.3114754098360817,False
strategy,0.413020522651228,0.043545657409163496,0.366290033140301,0.11888299836016585,0.11789635277360253,0.06138204356689864,-0.7094201313402714,0.44362745098039214,1.3667835836773423,156.0,9.525641025641026,156.0,-0.16675690308608548,9.0,-0.9177850708102889,-1.8984548871848537,momentum_20_mdd60_gt_-25,momentum,,,20.0,mdd60_gt_-25,2.3114754098360817,False
strategy,0.3759073117445957,0.04012692092623804,0.3906665378324865,0.1027139952883398,0.10452806127218275,0.060896537411107426,-0.6589360024748954,0.46006749156355453,1.2708443794559192,134.0,12.343283582089553,134.0,-0.16675690308608548,10.0,-0.906967552213538,-1.935568098091486,momentum_60_mdd60_gt_-25,momentum,,,60.0,mdd60_gt_-25,2.3114754098360817,False
strategy,0.4059073689677064,0.04289656706967482,0.3769242434167465,0.11380686654916543,0.11864489732885394,0.05820097490073386,-0.737042070907543,0.46682750301568154,1.2399271810349488,77.0,20.41025641025641,77.0,-0.16675690308608548,8.0,-0.912793855712085,-1.9055680408683753,ma_5_60_mdd60_gt_-25,ma,5.0,60.0,,mdd60_gt_-25,2.3114754098360817,False
strategy,0.2987406526763319,0.032751695460118135,0.4073648203206771,0.08039892947637461,0.09166199184661784,0.05256204978826549,-0.6231053695974766,0.4569471624266145,1.273785193768858,131.0,14.590909090909092,131.0,-0.16675690308608548,14.0,-0.9022866849078569,-2.01273475715975,momentum_120_close_gt_ma120,momentum,,,120.0,close_gt_ma120,2.3114754098360817,False
strategy,0.2692958803851875,0.0298358950304618,0.3269038998868357,0.09126809145069878,0.0944428694225288,0.051751454295829884,-0.5765228327673483,0.45152722443559096,1.3058256141033175,102.0,13.803921568627452,102.0,-0.11015806886410973,10.0,-0.940855713083402,-2.042179529450894,ma_10_60_vol_pct_lt_80,ma,10.0,60.0,,vol_pct_lt_80,2.3114754098360817,False
strategy,0.29270488865181754,0.032158754011279767,0.42954833407098736,0.07486643867641027,0.08452071794534106,0.051183897528274534,-0.6282982649673157,0.45706371191135736,1.273948760615,170.0,11.811764705882354,170.0,-0.16675690308608548,10.0,-0.886755343543017,-2.018770521184264,momentum_60_gap_risk,momentum,,,60.0,gap_risk,2.3114754098360817,False
strategy,0.29338201121372776,0.03222539391257806,0.3814052794608662,0.08449121091907832,0.08613761675869142,0.050616949498494754,-0.6366522327375018,0.4275,1.4481922926611077,205.0,6.805825242718447,205.0,-0.16675690308608548,9.0,-0.9175781457349961,-2.018093398622354,ma_5_60_amount_liquidity,ma,5.0,60.0,,amount_liquidity,2.3114754098360817,False
strategy,0.31919284664048786,0.03474307510117414,0.3914574787835608,0.08875312641653167,0.09573948250771147,0.049926812111993984,-0.6958801019227855,0.4583333333333333,1.2702552378431284,144.0,12.069444444444445,144.0,-0.16675690308608548,9.0,-0.910477475874474,-1.9922825631955938,momentum_60_close_gt_ma250,momentum,,,60.0,close_gt_ma250,2.3114754098360817,False
strategy,0.26990659828010855,0.02989697149207382,0.38906167748822834,0.07684378396013676,0.08160681250134594,0.046786095719918125,-0.6390140282499756,0.461271676300578,1.254069723779768,97.0,16.775510204081634,97.0,-0.16675690308608548,12.0,-0.9150841324404209,-2.0415688115559734,ma_10_60_close_gt_ma250,ma,10.0,60.0,,close_gt_ma250,2.3114754098360817,False
strategy,0.23706397055665152,0.02657530794569385,0.3775029676945054,0.07039761331677778,0.07195149775814078,0.045002505485974786,-0.590529519605884,0.41454545454545455,1.5202721591722852,251.0,5.579365079365079,251.0,-0.16675690308608548,11.0,-0.9230534119864962,-2.07441143927943,momentum_40_amount_liquidity,momentum,,,40.0,amount_liquidity,2.3114754098360817,False
strategy,0.20475078718770678,0.023230859979043617,0.32880809329823846,0.07065172802170826,0.06988837733369771,0.039408045606069336,-0.5894953586702552,0.46173800259403375,1.2454941915522022,110.0,13.090909090909092,110.0,-0.12891207153502238,8.0,-0.9433027909081099,-2.106724622648375,ma_30_60_vol_pct_lt_80,ma,30.0,60.0,,vol_pct_lt_80,2.3114754098360817,False
strategy,0.1998634500061902,0.02271818521545188,0.3386414703330901,0.06708624668179629,0.06732391848460777,0.0375440748350073,-0.6051070725617858,0.4585987261146497,1.2616240614731213,106.0,13.867924528301886,106.0,-0.12891207153502238,11.0,-0.9404326914654743,-2.1116119598298915,ma_10_90_vol_pct_lt_80,ma,10.0,90.0,,vol_pct_lt_80,2.3114754098360817,False
strategy,0.20209047791272683,0.022952023910494335,0.41300104462843384,0.05557376720715965,0.0643624739841356,0.03266614163256384,-0.702624269761146,0.46053946053946054,1.2496922276795277,101.0,18.764705882352942,101.0,-0.16675690308608548,10.0,-0.9059458410591451,-2.109384931923355,ma_5_60_gap_risk,ma,5.0,60.0,,gap_risk,2.3114754098360817,False
strategy,0.16188919566996884,0.018671148020185546,0.41916494006443517,0.044543677763973694,0.05288921386361846,0.030462217448987382,-0.6129280657736953,0.441340782122905,1.346244807396842,187.0,10.52127659574468,187.0,-0.16675690308608548,13.0,-0.9052513515923644,-2.1495862141661126,momentum_40_limit_tradable,momentum,,,40.0,limit_tradable,2.3114754098360817,False
strategy,0.15096149586507845,0.01748506501171576,0.3313088988066975,0.05277571799216126,0.051733001292264935,0.030073560730098144,-0.5814098692416028,0.4588235294117647,1.2551054048142782,102.0,14.058823529411764,102.0,-0.12891207153502238,15.0,-0.9451094951904266,-2.1605139139710032,ma_20_90_vol_pct_lt_80,ma,20.0,90.0,,vol_pct_lt_80,2.3114754098360817,False
strategy,0.09465890409002675,0.011212881976069289,0.42044566104412745,0.026669039581056472,0.03155832755742961,0.01866013168574569,-0.6009004740644307,0.4418604651162791,1.337761724548747,185.0,10.655913978494624,185.0,-0.16675690308608548,13.0,-0.9099605595959172,-2.216816505746055,momentum_40_none,momentum,,,40.0,none,2.3114754098360817,False
strategy,0.06498931985416179,0.007792988455352923,0.43158056871186423,0.018056856634237742,0.020554285115432582,0.012448953235003661,-0.6259954799605792,0.45321100917431195,1.2764083584226291,174.0,11.597701149425287,174.0,-0.16675690308608548,12.0,-0.9053800363549706,-2.2464860899819197,momentum_60_limit_tradable,momentum,,,60.0,limit_tradable,2.3114754098360817,False
strategy,0.04226094551414872,0.005116208473538775,0.385398072824607,0.013275127288628502,0.01398579371399571,0.007536772322694027,-0.6788328284952067,0.463302752293578,1.222750975347583,91.0,18.08695652173913,91.0,-0.16675690308608548,11.0,-0.9318886287052,-2.2692144643219327,ma_5_60_close_gt_ma250,ma,5.0,60.0,,close_gt_ma250,2.3114754098360817,False
strategy,0.025305247660641683,0.003085755798515777,0.380426144021726,0.00811131371228669,0.008357264313287578,0.004275476518887711,-0.7217337728049442,0.41403508771929826,1.4959278965898692,260.0,5.592307692307692,260.0,-0.16675690308608548,14.0,-0.9351265633170341,-2.28617016217544,momentum_60_amount_liquidity,momentum,,,60.0,amount_liquidity,2.3114754098360817,False
strategy,0.0033659372027450285,0.00041436755310875206,0.43282424189834706,0.0009573575437719366,0.001087083558183432,0.0006595077150663588,-0.6282982649673157,0.4537121906507791,1.268711384254478,172.0,11.755813953488373,172.0,-0.16675690308608548,10.0,-0.9100828484539465,-2.308109472633337,momentum_60_none,momentum,,,60.0,none,2.3114754098360817,False
strategy,0.001474087013578984,0.00018161942950389864,0.3818004296784573,0.00047569205109814557,0.000498679493615749,0.00029621747853906296,-0.6131286728914209,0.44719101123595506,1.3002806329461014,147.0,11.108108108108109,147.0,-0.16675690308608548,9.0,-0.9360309454967326,-2.3100013228225027,momentum_40_close_gt_ma250,momentum,,,40.0,close_gt_ma250,2.3114754098360817,False
strategy,-0.001555867000833322,-0.000191950172046651,0.41514504947412084,-0.0004623689293412054,-0.0005400976164506327,-0.0002697497001763495,-0.7115862294607301,0.4568880079286422,1.2507576423528493,105.0,18.169811320754718,105.0,-0.16675690308608548,10.0,-0.9207523933950533,-2.313031276836915,ma_5_60_limit_tradable,ma,5.0,60.0,,limit_tradable,2.3114754098360817,False
strategy,-0.029889910180007306,-0.0037342632923800245,0.3333023934290659,-0.011203829813405638,-0.011067858345823153,-0.0060407448361590385,-0.6181792798178225,0.4522875816993464,1.2657412952857268,110.0,12.945454545454545,110.0,-0.12891207153502238,11.0,-0.9532237714904304,-2.341365320016089,ma_20_60_vol_pct_lt_80,ma,20.0,60.0,,vol_pct_lt_80,2.3114754098360817,False
strategy,-0.05932875140149174,-0.007512108834789144,0.4164368213667216,-0.018039012040613596,-0.021001598548277683,-0.010691502070292626,-0.7026242697611467,0.45742574257425744,1.2427403343214507,103.0,18.557692307692307,103.0,-0.16675690308608548,10.0,-0.9246911668715975,-2.370804161237573,ma_5_60_none,ma,5.0,60.0,,none,2.3114754098360817,False
strategy,-0.13021031939633132,-0.01705204365111901,0.34152341573852085,-0.04992935437309661,-0.048002676043912715,-0.027176729705663163,-0.6274501691631299,0.44752714113389624,1.2765703133434818,168.0,8.904761904761905,168.0,-0.1539162112932606,12.0,-0.9561573987180063,-2.441685729232413,momentum_60_vol_pct_lt_80,momentum,,,60.0,vol_pct_lt_80,2.3114754098360817,False
strategy,-0.19118319978075837,-0.025820331900419324,0.32172095352474483,-0.08025691711259142,-0.08186459892563651,-0.04576848713627253,-0.5641508713963181,0.4291044776119403,1.3602650347050087,182.0,7.8791208791208796,182.0,-0.11015806886410973,13.0,-0.9633771495797985,-2.50265860961684,momentum_40_vol_pct_lt_80,momentum,,,40.0,vol_pct_lt_80,2.3114754098360817,False
strategy,-0.29764226754041545,-0.042623994785527475,0.3220298122931184,-0.1323604000574028,-0.1347774247674011,-0.06309114275228953,-0.6755939570294229,0.4444444444444444,1.2585278918656277,110.0,12.945454545454545,110.0,-0.11015806886410973,11.0,-0.9681302712925856,-2.609117677376497,ma_5_60_vol_pct_lt_80,ma,5.0,60.0,,vol_pct_lt_80,2.3114754098360817,False
