split,horizon,train_start,train_end,test_start,test_end,train_rows,test_rows,selected_feature_count,selected_features,top_train_feature,sklearn_available,sklearn_error
1,1,2018-01-02,2021-01-11,2021-02-09,2021-05-19,736,63,40,"dist_to_low_60d,log_ret_60d,dist_to_low_120d,ma_slope_60d,intraday_strength,ma_gap_120d,ma_gap_60d,rsi_6d,log_ret_1d,kdj_k,dist_to_low_20d,ma_slope_5d,kdj_j,volatility_60d,macd_dea,max_drawdown_10d,downside_vol_20d,ret_5d,dist_to_high_20d,close_zscore_20d",dist_to_low_60d,False,disabled
1,3,2018-01-02,2021-01-11,2021-02-09,2021-05-19,736,63,40,"dist_to_low_60d,dist_to_low_120d,ret_60d,ma_slope_60d,ma_slope_5d,volatility_60d,kdj_k,ma_gap_120d,kdj_j,ma_gap_60d,downside_vol_20d,rsi_6d,adx_14d,max_drawdown_10d,volatility_20d,downside_vol_10d,volatility_10d,log_ret_5d,downside_vol_5d,macd_dea",dist_to_low_60d,False,disabled
1,5,2018-01-02,2021-01-11,2021-02-09,2021-05-19,736,63,40,"dist_to_low_60d,dist_to_low_120d,ma_slope_60d,log_ret_60d,volatility_60d,adx_14d,max_drawdown_5d,kdj_j,log_ret_5d,downside_vol_5d,kdj_k,ma_gap_120d,ma_gap_60d,downside_vol_10d,ma_slope_20d,ma_gap_5d,volatility_5d,volatility_10d,rsi_6d,ma_slope_5d",dist_to_low_60d,False,disabled
1,10,2018-01-02,2021-01-11,2021-02-09,2021-05-19,736,63,40,"dist_to_low_60d,volatility_60d,adx_14d,ma_slope_60d,ret_60d,dist_to_low_120d,ma_slope_20d,macd_hist,ma_gap_60d,volume_ratio_60d,ma_gap_120d,turnover_ratio_20d,volatility_5d,downside_vol_10d,volatility_10d,ma_slope_120d,downside_vol_5d,downside_vol_60d,dist_to_high_120d,price_volume_divergence_20d",dist_to_low_60d,False,disabled
1,20,2018-01-02,2021-01-11,2021-02-09,2021-05-19,736,63,40,"dist_to_low_60d,volatility_60d,ma_slope_20d,ret_60d,dist_to_low_120d,adx_14d,ma_slope_60d,ma_gap_60d,log_ret_20d,ma_gap_120d,downside_vol_60d,turnover_ratio_20d,atr_pct_14d,ma_slope_10d,volatility_20d,ma_slope_120d,price_volume_divergence_20d,dist_to_low_20d,atr_14d,ma_gap_20d",dist_to_low_60d,False,disabled
2,1,2018-01-02,2021-04-16,2021-05-20,2021-08-17,799,63,40,"dist_to_low_60d,ret_60d,dist_to_low_120d,ma_slope_60d,ma_gap_120d,ma_gap_60d,rsi_6d,macd_dea,intraday_strength,ma_slope_5d,kdj_k,volatility_60d,kdj_j,log_ret_1d,downside_vol_20d,dist_to_low_20d,ma_slope_120d,max_drawdown_10d,log_ret_5d,intraday_range",dist_to_low_60d,False,disabled
2,3,2018-01-02,2021-04-16,2021-05-20,2021-08-17,799,63,40,"dist_to_low_60d,dist_to_low_120d,ma_slope_60d,ret_60d,ma_slope_5d,ma_gap_120d,volatility_60d,ma_gap_60d,kdj_k,macd_dea,downside_vol_20d,ma_slope_120d,kdj_j,volatility_10d,volatility_20d,rsi_6d,downside_vol_10d,downside_vol_5d,log_ret_5d,max_drawdown_10d",dist_to_low_60d,False,disabled
2,5,2018-01-02,2021-04-16,2021-05-20,2021-08-17,799,63,40,"dist_to_low_60d,ma_slope_60d,ret_60d,dist_to_low_120d,volatility_60d,ma_slope_120d,max_drawdown_5d,ma_gap_120d,ma_slope_20d,downside_vol_5d,kdj_j,ma_gap_60d,adx_14d,log_ret_5d,volatility_5d,volatility_10d,kdj_k,downside_vol_10d,macd_hist,downside_vol_20d",dist_to_low_60d,False,disabled
2,10,2018-01-02,2021-04-16,2021-05-20,2021-08-17,799,63,40,"dist_to_low_60d,ma_slope_60d,log_ret_60d,dist_to_low_120d,volatility_60d,ma_slope_20d,macd_hist,adx_14d,ma_slope_120d,ma_gap_60d,ma_gap_120d,turnover_ratio_20d,volume_ratio_60d,volatility_5d,volatility_10d,downside_vol_10d,atr_14d,log_ret_10d,high_low_range_20d,max_drawdown_60d",dist_to_low_60d,False,disabled
2,20,2018-01-02,2021-04-16,2021-05-20,2021-08-17,799,63,40,"dist_to_low_60d,volatility_60d,ma_slope_20d,log_ret_60d,dist_to_low_120d,ma_slope_60d,ma_gap_60d,ma_gap_120d,ret_20d,ma_slope_120d,adx_14d,atr_pct_14d,turnover_ratio_20d,atr_14d,volatility_20d,macd_hist,ma_slope_10d,dist_to_low_20d,price_volume_divergence_20d,downside_vol_60d",dist_to_low_60d,False,disabled
3,1,2018-01-02,2021-07-20,2021-08-18,2021-11-23,862,63,40,"dist_to_low_60d,ret_60d,dist_to_low_120d,ma_slope_60d,ma_gap_120d,volatility_60d,rsi_6d,intraday_strength,ma_gap_60d,ret_1d,kdj_j,ma_slope_5d,kdj_k,dist_to_low_20d,ret_5d,macd_dea,ma_slope_20d,ma_gap_5d,amount_chg_5d,ma_slope_120d",dist_to_low_60d,False,disabled
3,3,2018-01-02,2021-07-20,2021-08-18,2021-11-23,862,63,40,"dist_to_low_60d,dist_to_low_120d,ret_60d,ma_slope_60d,volatility_60d,ma_slope_5d,kdj_j,ma_gap_120d,kdj_k,ret_5d,rsi_6d,ma_gap_60d,downside_vol_5d,adx_14d,ma_slope_120d,amount_chg_5d,volatility_10d,max_drawdown_5d,downside_vol_10d,downside_vol_20d",dist_to_low_60d,False,disabled
3,5,2018-01-02,2021-07-20,2021-08-18,2021-11-23,862,63,40,"dist_to_low_60d,volatility_60d,ma_slope_60d,dist_to_low_120d,ret_60d,adx_14d,max_drawdown_5d,kdj_j,downside_vol_5d,log_ret_5d,ma_slope_120d,amount_chg_5d,ma_gap_120d,ma_gap_5d,high_low_range_20d,kdj_k,volatility_5d,ma_gap_60d,ma_slope_20d,macd_hist",dist_to_low_60d,False,disabled
3,10,2018-01-02,2021-07-20,2021-08-18,2021-11-23,862,63,40,"volatility_60d,dist_to_low_60d,ma_slope_60d,adx_14d,dist_to_low_120d,log_ret_60d,macd_hist,ma_slope_20d,amount_ratio_20d,downside_vol_60d,volume_ratio_60d,ma_slope_120d,max_drawdown_20d,high_low_range_20d,macd_dea,ma_gap_120d,ret_10d,ma_gap_60d,atr_pct_14d,dist_to_high_120d",volatility_60d,False,disabled
3,20,2018-01-02,2021-07-20,2021-08-18,2021-11-23,862,63,40,"volatility_60d,dist_to_low_60d,dist_to_low_120d,log_ret_60d,ma_slope_20d,ma_slope_60d,atr_pct_14d,downside_vol_60d,adx_14d,macd_dea,ma_gap_60d,volatility_20d,turnover_ratio_20d,ma_gap_120d,macd_hist,ma_slope_120d,ret_20d,max_drawdown_10d,high_low_range_20d,downside_vol_20d",volatility_60d,False,disabled
4,1,2018-01-02,2021-10-26,2021-11-24,2022-02-28,925,63,40,"dist_to_low_60d,log_ret_60d,dist_to_low_120d,ma_slope_60d,ma_gap_120d,volatility_60d,ma_gap_60d,ma_slope_5d,dist_to_low_20d,log_ret_1d,rsi_6d,kdj_k,macd_dea,ret_5d,kdj_j,intraday_strength,max_drawdown_10d,ma_slope_20d,ma_slope_120d,amount_chg_5d",dist_to_low_60d,False,disabled
4,3,2018-01-02,2021-10-26,2021-11-24,2022-02-28,925,63,40,"dist_to_low_60d,dist_to_low_120d,ret_60d,volatility_60d,ma_slope_60d,ma_slope_5d,ma_gap_120d,kdj_k,ma_gap_60d,kdj_j,ma_slope_120d,high_low_range_20d,log_ret_5d,macd_dea,rsi_6d,max_drawdown_10d,dist_to_low_20d,amount_chg_5d,rsi_14d,downside_vol_20d",dist_to_low_60d,False,disabled
4,5,2018-01-02,2021-10-26,2021-11-24,2022-02-28,925,63,40,"dist_to_low_60d,volatility_60d,ret_60d,ma_slope_60d,dist_to_low_120d,kdj_j,ma_gap_120d,max_drawdown_5d,high_low_range_20d,ma_slope_120d,ret_5d,adx_14d,kdj_k,ma_gap_60d,amount_chg_5d,downside_vol_5d,ma_gap_5d,macd_dea,ma_slope_20d,downside_vol_60d",dist_to_low_60d,False,disabled
4,10,2018-01-02,2021-10-26,2021-11-24,2022-02-28,925,63,40,"volatility_60d,dist_to_low_60d,ma_slope_60d,adx_14d,ret_60d,dist_to_low_120d,downside_vol_60d,ma_slope_20d,high_low_range_20d,macd_hist,ma_gap_60d,ma_slope_120d,ma_gap_120d,atr_pct_14d,macd_dea,turnover_ratio_20d,volume_ratio_60d,max_drawdown_20d,dist_to_high_120d,dist_to_high_60d",volatility_60d,False,disabled
4,20,2018-01-02,2021-10-26,2021-11-24,2022-02-28,925,63,40,"volatility_60d,dist_to_low_60d,downside_vol_60d,adx_14d,log_ret_60d,ma_slope_20d,dist_to_low_120d,ma_slope_60d,atr_pct_14d,ma_gap_60d,macd_dea,volatility_20d,ma_gap_120d,ret_20d,turnover_ratio_20d,ma_slope_120d,downside_vol_20d,dist_to_low_20d,high_low_range_20d,macd_hist",volatility_60d,False,disabled
5,1,2018-01-02,2022-01-24,2022-03-01,2022-06-02,988,63,40,"dist_to_low_60d,ret_60d,dist_to_low_120d,ma_slope_60d,ma_gap_120d,volatility_60d,ma_slope_5d,ma_gap_60d,rsi_6d,kdj_k,kdj_j,log_ret_5d,log_ret_1d,intraday_strength,ma_slope_120d,dist_to_low_20d,amount_chg_5d,macd_dea,volatility_5d,ma_slope_20d",dist_to_low_60d,False,disabled
5,3,2018-01-02,2022-01-24,2022-03-01,2022-06-02,988,63,40,"dist_to_low_60d,dist_to_low_120d,ret_60d,ma_slope_60d,volatility_60d,ma_slope_5d,ma_gap_120d,ma_slope_120d,kdj_k,kdj_j,ret_5d,ma_gap_60d,amount_chg_5d,downside_vol_20d,rsi_6d,max_drawdown_10d,volatility_20d,downside_vol_10d,adx_14d,macd_dea",dist_to_low_60d,False,disabled
5,5,2018-01-02,2022-01-24,2022-03-01,2022-06-02,988,63,40,"dist_to_low_60d,dist_to_low_120d,log_ret_60d,volatility_60d,ma_slope_60d,ma_slope_120d,kdj_j,max_drawdown_5d,ma_gap_120d,log_ret_5d,adx_14d,amount_chg_5d,downside_vol_5d,kdj_k,ma_gap_5d,downside_vol_10d,ma_gap_60d,rsi_6d,ma_slope_20d,macd_dea",dist_to_low_60d,False,disabled
5,10,2018-01-02,2022-01-24,2022-03-01,2022-06-02,988,63,40,"volatility_60d,dist_to_low_60d,adx_14d,dist_to_low_120d,ma_slope_60d,ret_60d,ma_slope_120d,ma_slope_20d,volume_ratio_60d,turnover_ratio_20d,downside_vol_60d,macd_hist,ma_gap_120d,downside_vol_10d,ma_gap_60d,macd_dea,volatility_5d,downside_vol_5d,max_drawdown_20d,high_low_range_20d",volatility_60d,False,disabled
5,20,2018-01-02,2022-01-24,2022-03-01,2022-06-02,988,63,40,"volatility_60d,dist_to_low_60d,dist_to_low_120d,adx_14d,log_ret_60d,ma_slope_60d,ma_slope_120d,downside_vol_60d,ma_slope_20d,ma_gap_60d,atr_pct_14d,ma_gap_120d,macd_dea,turnover_ratio_20d,log_ret_20d,volatility_20d,atr_14d,macd_hist,downside_vol_20d,max_drawdown_10d",volatility_60d,False,disabled
6,1,2018-01-02,2022-05-05,2022-06-06,2022-08-31,1051,63,40,"dist_to_low_60d,ret_60d,ma_slope_5d,dist_to_low_120d,rsi_6d,ma_slope_60d,ma_gap_60d,kdj_k,ret_5d,kdj_j,volatility_60d,downside_vol_20d,max_drawdown_10d,log_ret_1d,dist_to_low_20d,ma_slope_20d,intraday_strength,macd_dea,amount_chg_5d,rsi_14d",dist_to_low_60d,False,disabled
6,3,2018-01-02,2022-05-05,2022-06-06,2022-08-31,1051,63,40,"dist_to_low_60d,log_ret_60d,dist_to_low_120d,ma_slope_5d,downside_vol_10d,downside_vol_20d,kdj_k,ma_slope_60d,downside_vol_5d,volatility_60d,log_ret_5d,volatility_20d,volatility_10d,kdj_j,volume_ratio_60d,max_drawdown_10d,max_drawdown_5d,ma_gap_60d,rsi_6d,ma_slope_120d",dist_to_low_60d,False,disabled
6,5,2018-01-02,2022-05-05,2022-06-06,2022-08-31,1051,63,40,"dist_to_low_60d,ret_60d,downside_vol_5d,max_drawdown_5d,dist_to_low_120d,downside_vol_10d,volatility_60d,ma_slope_60d,adx_14d,log_ret_5d,kdj_j,volatility_10d,ma_slope_120d,kdj_k,volatility_5d,ma_gap_5d,downside_vol_20d,amount_chg_5d,ma_gap_60d,volatility_20d",dist_to_low_60d,False,disabled
6,10,2018-01-02,2022-05-05,2022-06-06,2022-08-31,1051,63,40,"dist_to_low_60d,adx_14d,volatility_60d,volume_ratio_60d,turnover_ratio_20d,log_ret_60d,ma_slope_60d,dist_to_low_120d,downside_vol_10d,ma_slope_20d,volatility_5d,volatility_10d,downside_vol_5d,ma_slope_120d,macd_hist,atr_14d,ma_gap_60d,downside_vol_60d,macd_dea,volatility_20d",dist_to_low_60d,False,disabled
6,20,2018-01-02,2022-05-05,2022-06-06,2022-08-31,1051,63,40,"volatility_60d,dist_to_low_60d,adx_14d,ma_slope_20d,dist_to_low_120d,log_ret_60d,downside_vol_60d,atr_14d,ma_gap_60d,turnover_ratio_20d,ma_slope_120d,ma_slope_60d,macd_dea,log_ret_20d,atr_pct_14d,volume_ratio_60d,macd_hist,volatility_20d,ma_slope_10d,volatility_5d",volatility_60d,False,disabled
7,1,2018-01-02,2022-08-03,2022-09-01,2022-12-06,1114,63,40,"dist_to_low_60d,log_ret_60d,dist_to_low_120d,ma_slope_60d,ma_slope_5d,rsi_6d,ma_gap_60d,ret_5d,volatility_60d,kdj_k,kdj_j,ret_1d,intraday_strength,ma_slope_120d,downside_vol_20d,dist_to_low_20d,volume_ratio_5d,amount_chg_5d,ma_slope_20d,max_drawdown_10d",dist_to_low_60d,False,disabled
7,3,2018-01-02,2022-08-03,2022-09-01,2022-12-06,1114,63,40,"dist_to_low_60d,log_ret_60d,dist_to_low_120d,ma_slope_5d,ma_slope_60d,volatility_60d,ma_slope_120d,log_ret_5d,kdj_k,kdj_j,downside_vol_5d,ma_gap_60d,downside_vol_10d,volume_ratio_60d,amount_chg_5d,rsi_6d,downside_vol_20d,adx_14d,max_drawdown_5d,max_drawdown_10d",dist_to_low_60d,False,disabled
7,5,2018-01-02,2022-08-03,2022-09-01,2022-12-06,1114,63,40,"dist_to_low_60d,ret_60d,dist_to_low_120d,volatility_60d,ma_slope_60d,ma_slope_120d,max_drawdown_5d,adx_14d,downside_vol_5d,ret_5d,downside_vol_10d,kdj_j,ma_gap_5d,amount_chg_5d,ma_gap_60d,kdj_k,volume_ratio_60d,volatility_10d,rsi_6d,volatility_5d",dist_to_low_60d,False,disabled
7,10,2018-01-02,2022-08-03,2022-09-01,2022-12-06,1114,63,40,"volatility_60d,adx_14d,dist_to_low_60d,ret_60d,ma_slope_60d,dist_to_low_120d,volume_ratio_60d,ma_slope_120d,turnover_ratio_20d,macd_hist,ma_slope_20d,downside_vol_60d,downside_vol_10d,ma_gap_60d,max_drawdown_20d,volatility_5d,downside_vol_5d,volatility_10d,atr_14d,close_zscore_20d",volatility_60d,False,disabled
7,20,2018-01-02,2022-08-03,2022-09-01,2022-12-06,1114,63,40,"volatility_60d,dist_to_low_60d,adx_14d,dist_to_low_120d,downside_vol_60d,ma_slope_20d,ma_slope_120d,ret_60d,ma_slope_60d,atr_pct_14d,ma_gap_60d,turnover_ratio_20d,macd_dea,macd_hist,atr_14d,volatility_20d,ret_20d,max_drawdown_10d,volume_ratio_60d,downside_vol_20d",volatility_60d,False,disabled
8,1,2018-01-02,2022-11-08,2022-12-07,2023-03-13,1177,63,40,"dist_to_low_60d,ret_60d,dist_to_low_120d,rsi_6d,ma_gap_120d,ma_slope_5d,ma_slope_60d,ma_gap_60d,log_ret_5d,kdj_k,kdj_j,volatility_60d,volume_ratio_5d,log_ret_1d,dist_to_low_20d,ma_slope_120d,intraday_strength,adx_14d,downside_vol_20d,macd_dea",dist_to_low_60d,False,disabled
8,3,2018-01-02,2022-11-08,2022-12-07,2023-03-13,1177,63,40,"dist_to_low_60d,dist_to_low_120d,log_ret_60d,ma_slope_5d,ma_slope_60d,ma_gap_120d,volatility_60d,ret_5d,ma_slope_120d,adx_14d,kdj_k,kdj_j,downside_vol_5d,rsi_6d,ma_gap_60d,volume_ratio_60d,max_drawdown_5d,turnover_ratio_20d,downside_vol_20d,rsi_14d",dist_to_low_60d,False,disabled
8,5,2018-01-02,2022-11-08,2022-12-07,2023-03-13,1177,63,40,"dist_to_low_60d,dist_to_low_120d,log_ret_60d,adx_14d,ma_slope_60d,volatility_60d,ma_slope_120d,max_drawdown_5d,ret_5d,downside_vol_5d,ma_gap_120d,ma_gap_5d,kdj_j,ma_gap_60d,kdj_k,downside_vol_10d,amount_chg_5d,volume_ratio_60d,rsi_6d,ma_slope_20d",dist_to_low_60d,False,disabled
8,10,2018-01-02,2022-11-08,2022-12-07,2023-03-13,1177,63,40,"adx_14d,volatility_60d,dist_to_low_60d,dist_to_low_120d,ma_slope_60d,ret_60d,ma_slope_120d,turnover_ratio_20d,volume_ratio_60d,ma_slope_20d,ma_gap_120d,atr_14d,ma_gap_60d,macd_hist,downside_vol_60d,macd_dea,max_drawdown_20d,atr_pct_14d,downside_vol_10d,downside_vol_5d",adx_14d,False,disabled
8,20,2018-01-02,2022-11-08,2022-12-07,2023-03-13,1177,63,40,"volatility_60d,adx_14d,dist_to_low_60d,dist_to_low_120d,ma_slope_120d,ret_60d,ma_slope_20d,ma_slope_60d,ma_gap_60d,atr_14d,downside_vol_60d,atr_pct_14d,ma_gap_120d,macd_dea,turnover_ratio_20d,log_ret_20d,volatility_20d,price_volume_divergence_20d,max_drawdown_10d,ma_slope_10d",volatility_60d,False,disabled
9,1,2018-01-02,2023-02-13,2023-03-14,2023-06-14,1240,63,40,"dist_to_low_60d,ret_60d,ma_slope_5d,dist_to_low_120d,rsi_6d,ma_gap_60d,ma_slope_60d,ret_5d,kdj_k,kdj_j,adx_14d,volatility_60d,volume_ratio_5d,volume_ratio_60d,downside_vol_20d,ma_slope_120d,turnover_ratio_20d,macd_dea,dist_to_high_120d,dist_to_low_20d",dist_to_low_60d,False,disabled
9,3,2018-01-02,2023-02-13,2023-03-14,2023-06-14,1240,63,40,"dist_to_low_60d,dist_to_low_120d,ret_60d,ma_slope_5d,adx_14d,volume_ratio_60d,downside_vol_5d,log_ret_5d,kdj_k,ma_slope_60d,ma_slope_120d,turnover_ratio_20d,volatility_60d,ma_gap_60d,max_drawdown_5d,kdj_j,downside_vol_20d,rsi_6d,downside_vol_10d,rsi_14d",dist_to_low_60d,False,disabled
9,5,2018-01-02,2023-02-13,2023-03-14,2023-06-14,1240,63,40,"adx_14d,dist_to_low_60d,dist_to_low_120d,ret_60d,max_drawdown_5d,ma_slope_120d,downside_vol_5d,ma_slope_60d,volatility_60d,ret_5d,kdj_j,ma_gap_5d,ma_gap_60d,downside_vol_10d,volume_ratio_60d,kdj_k,turnover_ratio_20d,atr_14d,downside_vol_20d,macd_dea",adx_14d,False,disabled
9,10,2018-01-02,2023-02-13,2023-03-14,2023-06-14,1240,63,40,"adx_14d,volatility_60d,dist_to_low_60d,turnover_ratio_20d,ma_slope_120d,volume_ratio_60d,dist_to_low_120d,log_ret_60d,ma_slope_60d,ma_slope_20d,atr_14d,ma_gap_60d,downside_vol_10d,macd_dea,downside_vol_5d,downside_vol_60d,max_drawdown_60d,volatility_5d,atr_pct_14d,amount_ratio_5d",adx_14d,False,disabled
9,20,2018-01-02,2023-02-13,2023-03-14,2023-06-14,1240,63,40,"volatility_60d,adx_14d,dist_to_low_60d,dist_to_low_120d,ma_slope_120d,ma_slope_20d,atr_14d,ret_60d,ma_gap_60d,ma_slope_60d,downside_vol_60d,turnover_ratio_20d,macd_dea,atr_pct_14d,log_ret_20d,price_volume_divergence_20d,volatility_20d,volume_ratio_60d,ma_slope_10d,max_drawdown_10d",volatility_60d,False,disabled
10,1,2018-01-02,2023-05-17,2023-06-15,2023-09-13,1303,63,40,"dist_to_low_60d,ret_60d,ma_slope_5d,dist_to_low_120d,ma_gap_60d,rsi_6d,ma_gap_120d,ma_slope_60d,log_ret_5d,kdj_k,macd_dea,kdj_j,volatility_60d,rsi_14d,dist_to_high_20d,adx_14d,dist_to_low_20d,ma_slope_120d,ma_slope_20d,volume_ratio_5d",dist_to_low_60d,False,disabled
10,3,2018-01-02,2023-05-17,2023-06-15,2023-09-13,1303,63,40,"dist_to_low_60d,dist_to_low_120d,ma_slope_5d,ret_60d,volume_ratio_60d,adx_14d,kdj_k,downside_vol_5d,log_ret_5d,ma_gap_60d,ma_slope_60d,ma_gap_120d,ma_slope_120d,turnover_ratio_20d,rsi_14d,volatility_60d,max_drawdown_5d,downside_vol_20d,kdj_j,rsi_6d",dist_to_low_60d,False,disabled
10,5,2018-01-02,2023-05-17,2023-06-15,2023-09-13,1303,63,40,"dist_to_low_60d,adx_14d,dist_to_low_120d,ret_60d,max_drawdown_5d,ma_slope_120d,downside_vol_5d,ma_slope_60d,volatility_60d,ret_5d,ma_gap_60d,kdj_k,kdj_j,ma_gap_5d,ma_gap_120d,volume_ratio_60d,downside_vol_10d,atr_14d,macd_dea,turnover_ratio_20d",dist_to_low_60d,False,disabled
10,10,2018-01-02,2023-05-17,2023-06-15,2023-09-13,1303,63,40,"adx_14d,volatility_60d,dist_to_low_60d,turnover_ratio_20d,volume_ratio_60d,ret_60d,ma_slope_120d,dist_to_low_120d,ma_slope_60d,atr_14d,ma_slope_20d,ma_gap_60d,macd_dea,downside_vol_10d,downside_vol_5d,ma_gap_120d,downside_vol_60d,kdj_j,price_volume_divergence_20d,max_drawdown_60d",adx_14d,False,disabled
10,20,2018-01-02,2023-05-17,2023-06-15,2023-09-13,1303,63,40,"adx_14d,volatility_60d,dist_to_low_60d,atr_14d,dist_to_low_120d,ma_slope_20d,ma_slope_120d,ma_gap_60d,ret_60d,turnover_ratio_20d,macd_dea,ma_slope_60d,downside_vol_60d,ret_20d,ma_gap_120d,price_volume_divergence_20d,atr_pct_14d,volume_ratio_60d,ma_slope_10d,volatility_20d",adx_14d,False,disabled
11,1,2018-01-02,2023-08-16,2023-09-14,2023-12-19,1366,63,40,"dist_to_low_60d,ret_60d,ma_slope_5d,ma_gap_60d,ma_slope_60d,rsi_6d,ma_gap_120d,ret_5d,downside_vol_20d,macd_dea,dist_to_low_120d,max_drawdown_20d,dist_to_high_120d,dist_to_high_20d,kdj_k,adx_14d,volume_ratio_60d,dist_to_high_60d,volume_ratio_5d,rsi_14d",dist_to_low_60d,False,disabled
11,3,2018-01-02,2023-08-16,2023-09-14,2023-12-19,1366,63,40,"downside_vol_5d,downside_vol_20d,volume_ratio_60d,ma_slope_5d,adx_14d,dist_to_low_60d,downside_vol_10d,ret_60d,turnover_ratio_20d,log_ret_5d,intraday_range,max_drawdown_5d,volatility_20d,ma_gap_60d,ma_slope_60d,kdj_d,rsi_14d,volatility_10d,dist_to_low_120d,ma_gap_120d",downside_vol_5d,False,disabled
11,5,2018-01-02,2023-08-16,2023-09-14,2023-12-19,1366,63,40,"downside_vol_5d,adx_14d,max_drawdown_5d,downside_vol_10d,downside_vol_20d,dist_to_low_60d,ret_60d,volume_ratio_60d,ma_slope_60d,volatility_5d,log_ret_5d,ma_gap_60d,ma_slope_120d,atr_14d,volatility_10d,ma_gap_5d,dist_to_low_120d,turnover_ratio_20d,volatility_20d,kdj_k",downside_vol_5d,False,disabled
11,10,2018-01-02,2023-08-16,2023-09-14,2023-12-19,1366,63,40,"adx_14d,volume_ratio_60d,turnover_ratio_20d,downside_vol_10d,downside_vol_5d,atr_14d,ret_60d,dist_to_low_60d,downside_vol_20d,ma_slope_60d,volatility_5d,volatility_10d,max_drawdown_60d,ma_gap_60d,volatility_60d,ma_slope_120d,ma_slope_20d,macd_dea,intraday_range,max_drawdown_5d",adx_14d,False,disabled
11,20,2018-01-02,2023-08-16,2023-09-14,2023-12-19,1366,63,40,"adx_14d,atr_14d,ma_slope_20d,dist_to_low_60d,volatility_60d,ma_gap_60d,turnover_ratio_20d,ret_60d,ma_slope_120d,volatility_5d,downside_vol_5d,ma_slope_60d,max_drawdown_60d,high_low_range_20d,macd_dea,dist_to_low_120d,downside_vol_10d,downside_vol_20d,log_ret_20d,price_volume_divergence_20d",adx_14d,False,disabled
12,1,2018-01-02,2023-11-21,2023-12-20,2024-03-26,1429,63,40,"downside_vol_20d,dist_to_low_60d,ma_slope_5d,intraday_range,max_drawdown_20d,volume_ratio_5d,turnover_ratio_20d,log_ret_60d,log_ret_5d,ma_gap_60d,downside_vol_5d,volume_ratio_60d,rsi_6d,dist_to_high_20d,volatility_20d,max_drawdown_10d,adx_14d,ma_slope_60d,ma_gap_120d,atr_pct_14d",downside_vol_20d,False,disabled
12,3,2018-01-02,2023-11-21,2023-12-20,2024-03-26,1429,63,40,"downside_vol_20d,downside_vol_5d,downside_vol_10d,intraday_range,volatility_20d,volatility_10d,atr_pct_14d,volume_ratio_60d,volatility_5d,turnover_ratio_20d,adx_14d,max_drawdown_5d,ma_slope_5d,max_drawdown_10d,max_drawdown_20d,high_low_range_20d,downside_vol_60d,ret_5d,atr_14d,volume_ratio_5d",downside_vol_20d,False,disabled
12,5,2018-01-02,2023-11-21,2023-12-20,2024-03-26,1429,63,40,"downside_vol_5d,downside_vol_20d,downside_vol_10d,max_drawdown_5d,adx_14d,volatility_5d,volatility_10d,volatility_20d,intraday_range,atr_pct_14d,volume_ratio_60d,max_drawdown_10d,turnover_ratio_20d,atr_14d,downside_vol_60d,high_low_range_20d,log_ret_5d,ma_gap_5d,dist_to_low_60d,ret_60d",downside_vol_5d,False,disabled
12,10,2018-01-02,2023-11-21,2023-12-20,2024-03-26,1429,63,40,"adx_14d,downside_vol_10d,downside_vol_20d,downside_vol_5d,volatility_5d,turnover_ratio_20d,volatility_10d,volume_ratio_60d,intraday_range,volatility_20d,atr_14d,high_low_range_20d,atr_pct_14d,max_drawdown_5d,max_drawdown_10d,dist_to_low_20d,downside_vol_60d,max_drawdown_60d,amount_ratio_5d,amount_chg_5d",adx_14d,False,disabled
12,20,2018-01-02,2023-11-21,2023-12-20,2024-03-26,1429,63,40,"adx_14d,atr_14d,downside_vol_20d,volatility_5d,high_low_range_20d,downside_vol_10d,volatility_10d,downside_vol_5d,turnover_ratio_20d,intraday_range,volatility_20d,ma_slope_20d,atr_pct_14d,max_drawdown_5d,dist_to_low_60d,ma_gap_60d,downside_vol_60d,kdj_d,max_drawdown_60d,dist_to_low_20d",adx_14d,False,disabled
13,1,2018-01-02,2024-02-27,2024-03-27,2024-07-01,1492,63,40,"downside_vol_20d,ma_slope_5d,volume_ratio_5d,max_drawdown_20d,intraday_range,adx_14d,ret_5d,dist_to_high_20d,rsi_6d,volatility_20d,atr_pct_14d,turnover_ratio_20d,dist_to_low_60d,max_drawdown_10d,ma_gap_60d,downside_vol_5d,ret_60d,high_low_range_20d,downside_vol_10d,downside_vol_60d",downside_vol_20d,False,disabled
13,3,2018-01-02,2024-02-27,2024-03-27,2024-07-01,1492,63,40,"downside_vol_20d,downside_vol_10d,downside_vol_5d,volatility_20d,intraday_range,atr_pct_14d,volatility_10d,adx_14d,downside_vol_60d,high_low_range_20d,ma_slope_5d,max_drawdown_10d,max_drawdown_20d,turnover_ratio_20d,volume_ratio_60d,volatility_5d,max_drawdown_5d,atr_14d,ret_5d,dist_to_high_20d",downside_vol_20d,False,disabled
13,5,2018-01-02,2024-02-27,2024-03-27,2024-07-01,1492,63,40,"downside_vol_20d,downside_vol_10d,downside_vol_5d,adx_14d,max_drawdown_5d,volatility_10d,atr_pct_14d,volatility_5d,volatility_20d,intraday_range,downside_vol_60d,high_low_range_20d,max_drawdown_10d,atr_14d,volume_ratio_60d,turnover_ratio_20d,log_ret_5d,max_drawdown_20d,dist_to_high_20d,max_drawdown_60d",downside_vol_20d,False,disabled
13,10,2018-01-02,2024-02-27,2024-03-27,2024-07-01,1492,63,40,"adx_14d,downside_vol_10d,downside_vol_20d,volatility_10d,volatility_5d,downside_vol_5d,high_low_range_20d,turnover_ratio_20d,intraday_range,volatility_20d,volume_ratio_60d,atr_14d,atr_pct_14d,downside_vol_60d,dist_to_low_20d,max_drawdown_10d,max_drawdown_60d,max_drawdown_5d,price_volume_divergence_20d,amount_ratio_5d",adx_14d,False,disabled
13,20,2018-01-02,2024-02-27,2024-03-27,2024-07-01,1492,63,40,"adx_14d,high_low_range_20d,atr_14d,downside_vol_20d,volatility_5d,downside_vol_10d,volatility_10d,downside_vol_5d,intraday_range,atr_pct_14d,turnover_ratio_20d,downside_vol_60d,volatility_20d,price_volume_divergence_20d,ma_slope_20d,max_drawdown_60d,dist_to_low_20d,max_drawdown_5d,dist_to_high_20d,kdj_d",adx_14d,False,disabled
14,1,2018-01-02,2024-05-31,2024-07-02,2024-09-30,1555,63,40,"downside_vol_20d,ma_slope_5d,max_drawdown_20d,volume_ratio_5d,atr_pct_14d,intraday_range,ret_5d,dist_to_high_20d,volatility_20d,rsi_6d,high_low_range_20d,max_drawdown_10d,dist_to_low_60d,downside_vol_5d,ma_gap_60d,adx_14d,log_ret_1d,downside_vol_60d,turnover_ratio_20d,downside_vol_10d",downside_vol_20d,False,disabled
14,3,2018-01-02,2024-05-31,2024-07-02,2024-09-30,1555,63,40,"downside_vol_20d,atr_pct_14d,downside_vol_10d,downside_vol_5d,volatility_20d,intraday_range,volatility_10d,high_low_range_20d,downside_vol_60d,adx_14d,ma_slope_5d,max_drawdown_20d,max_drawdown_10d,max_drawdown_5d,ret_5d,turnover_ratio_20d,dist_to_high_20d,atr_14d,volume_ratio_60d,volatility_5d",downside_vol_20d,False,disabled
14,5,2018-01-02,2024-05-31,2024-07-02,2024-09-30,1555,63,40,"downside_vol_20d,downside_vol_10d,downside_vol_5d,adx_14d,atr_pct_14d,max_drawdown_5d,volatility_20d,volatility_10d,high_low_range_20d,intraday_range,downside_vol_60d,volatility_5d,max_drawdown_10d,price_volume_divergence_20d,atr_14d,log_ret_5d,max_drawdown_20d,dist_to_high_20d,ma_gap_5d,turnover_ratio_20d",downside_vol_20d,False,disabled
14,10,2018-01-02,2024-05-31,2024-07-02,2024-09-30,1555,63,40,"adx_14d,downside_vol_20d,downside_vol_10d,volatility_10d,high_low_range_20d,turnover_ratio_20d,downside_vol_5d,volatility_5d,intraday_range,volatility_20d,atr_pct_14d,volume_ratio_60d,atr_14d,downside_vol_60d,max_drawdown_10d,dist_to_low_20d,price_volume_divergence_20d,max_drawdown_5d,max_drawdown_60d,ma_slope_20d",adx_14d,False,disabled
14,20,2018-01-02,2024-05-31,2024-07-02,2024-09-30,1555,63,40,"adx_14d,high_low_range_20d,downside_vol_20d,atr_14d,downside_vol_10d,volatility_5d,volatility_10d,downside_vol_5d,atr_pct_14d,downside_vol_60d,intraday_range,price_volume_divergence_20d,volatility_20d,turnover_ratio_20d,ma_slope_20d,dist_to_high_20d,max_drawdown_5d,ma_gap_120d,log_ret_20d,dist_to_low_120d",adx_14d,False,disabled
15,1,2018-01-02,2024-08-29,2024-10-08,2025-01-03,1618,63,40,"downside_vol_20d,atr_pct_14d,max_drawdown_20d,high_low_range_20d,intraday_range,volume_ratio_5d,ma_slope_5d,volatility_20d,dist_to_high_20d,adx_14d,downside_vol_60d,ret_5d,rsi_6d,price_volume_divergence_20d,downside_vol_5d,max_drawdown_10d,ma_gap_60d,downside_vol_10d,turnover_ratio_20d,volatility_10d",downside_vol_20d,False,disabled
15,3,2018-01-02,2024-08-29,2024-10-08,2025-01-03,1618,63,40,"downside_vol_20d,atr_pct_14d,volatility_20d,downside_vol_5d,downside_vol_10d,intraday_range,high_low_range_20d,downside_vol_60d,adx_14d,volatility_10d,max_drawdown_20d,ma_slope_5d,volatility_5d,max_drawdown_5d,max_drawdown_10d,dist_to_high_20d,volume_ratio_60d,log_ret_5d,price_volume_divergence_20d,turnover_ratio_20d",downside_vol_20d,False,disabled
15,5,2018-01-02,2024-08-29,2024-10-08,2025-01-03,1618,63,40,"downside_vol_20d,atr_pct_14d,adx_14d,downside_vol_10d,downside_vol_5d,high_low_range_20d,volatility_20d,downside_vol_60d,max_drawdown_5d,volatility_10d,intraday_range,volatility_5d,price_volume_divergence_20d,max_drawdown_10d,max_drawdown_20d,dist_to_high_20d,volume_ratio_60d,ret_5d,turnover_ratio_20d,atr_14d",downside_vol_20d,False,disabled
15,10,2018-01-02,2024-08-29,2024-10-08,2025-01-03,1618,63,40,"adx_14d,downside_vol_20d,downside_vol_10d,high_low_range_20d,volatility_10d,atr_pct_14d,intraday_range,volatility_20d,volatility_5d,downside_vol_5d,turnover_ratio_20d,downside_vol_60d,volume_ratio_60d,dist_to_low_20d,price_volume_divergence_20d,dist_to_low_120d,max_drawdown_10d,atr_14d,max_drawdown_5d,max_drawdown_60d",adx_14d,False,disabled
15,20,2018-01-02,2024-08-29,2024-10-08,2025-01-03,1618,63,40,"adx_14d,high_low_range_20d,downside_vol_20d,downside_vol_10d,atr_pct_14d,volatility_5d,downside_vol_60d,volatility_10d,price_volume_divergence_20d,atr_14d,intraday_range,downside_vol_5d,volatility_20d,dist_to_low_120d,turnover_ratio_20d,ma_gap_120d,dist_to_low_20d,dist_to_high_20d,ma_slope_120d,max_drawdown_20d",adx_14d,False,disabled
16,1,2018-01-02,2024-12-05,2025-01-06,2025-04-11,1681,63,40,"downside_vol_20d,max_drawdown_20d,ma_slope_5d,volume_ratio_5d,atr_pct_14d,intraday_range,dist_to_high_20d,volatility_20d,high_low_range_20d,downside_vol_60d,ma_gap_10d,max_drawdown_10d,ma_gap_60d,adx_14d,dist_to_high_60d,turnover_ratio_20d,downside_vol_10d,ma_slope_20d,max_drawdown_60d,dist_to_low_60d",downside_vol_20d,False,disabled
16,3,2018-01-02,2024-12-05,2025-01-06,2025-04-11,1681,63,40,"downside_vol_20d,atr_pct_14d,downside_vol_5d,downside_vol_10d,volatility_20d,intraday_range,downside_vol_60d,ma_slope_5d,high_low_range_20d,adx_14d,volatility_10d,max_drawdown_20d,ret_5d,max_drawdown_10d,volume_ratio_60d,dist_to_high_20d,max_drawdown_5d,volume_ratio_5d,volatility_5d,atr_14d",downside_vol_20d,False,disabled
16,5,2018-01-02,2024-12-05,2025-01-06,2025-04-11,1681,63,40,"downside_vol_20d,downside_vol_5d,downside_vol_10d,atr_pct_14d,adx_14d,max_drawdown_5d,high_low_range_20d,volatility_20d,downside_vol_60d,volatility_10d,volatility_5d,intraday_range,max_drawdown_10d,dist_to_high_20d,log_ret_5d,max_drawdown_20d,price_volume_divergence_20d,ma_gap_5d,max_drawdown_60d,volume_ratio_60d",downside_vol_20d,False,disabled
16,10,2018-01-02,2024-12-05,2025-01-06,2025-04-11,1681,63,40,"adx_14d,downside_vol_20d,downside_vol_10d,high_low_range_20d,volatility_10d,downside_vol_5d,atr_pct_14d,volatility_5d,intraday_range,turnover_ratio_20d,volatility_20d,volume_ratio_60d,downside_vol_60d,dist_to_low_20d,price_volume_divergence_20d,atr_14d,max_drawdown_60d,max_drawdown_10d,ma_slope_20d,dist_to_high_20d",adx_14d,False,disabled
16,20,2018-01-02,2024-12-05,2025-01-06,2025-04-11,1681,63,40,"adx_14d,high_low_range_20d,downside_vol_20d,price_volume_divergence_20d,atr_14d,downside_vol_10d,volatility_5d,downside_vol_5d,volatility_10d,downside_vol_60d,atr_pct_14d,intraday_range,turnover_ratio_20d,ma_slope_20d,dist_to_high_20d,max_drawdown_60d,max_drawdown_20d,volatility_20d,log_ret_20d,ma_gap_60d",adx_14d,False,disabled
17,1,2018-01-02,2025-03-13,2025-04-14,2025-07-15,1744,63,40,"downside_vol_20d,ma_slope_5d,max_drawdown_20d,atr_pct_14d,volume_ratio_5d,intraday_range,dist_to_high_20d,high_low_range_20d,adx_14d,volatility_20d,max_drawdown_10d,ma_gap_60d,rsi_6d,log_ret_5d,max_drawdown_60d,dist_to_low_60d,downside_vol_60d,dist_to_high_60d,log_ret_60d,downside_vol_10d",downside_vol_20d,False,disabled
17,3,2018-01-02,2025-03-13,2025-04-14,2025-07-15,1744,63,40,"downside_vol_20d,atr_pct_14d,downside_vol_5d,downside_vol_10d,volatility_20d,intraday_range,adx_14d,ma_slope_5d,high_low_range_20d,downside_vol_60d,volatility_10d,max_drawdown_10d,log_ret_5d,max_drawdown_20d,volume_ratio_60d,dist_to_high_20d,max_drawdown_60d,volume_ratio_5d,max_drawdown_5d,atr_14d",downside_vol_20d,False,disabled
17,5,2018-01-02,2025-03-13,2025-04-14,2025-07-15,1744,63,40,"downside_vol_20d,adx_14d,downside_vol_5d,atr_pct_14d,downside_vol_10d,max_drawdown_5d,high_low_range_20d,volatility_20d,volatility_10d,max_drawdown_10d,volatility_5d,downside_vol_60d,intraday_range,log_ret_5d,amount_chg_5d,dist_to_high_20d,max_drawdown_60d,price_volume_divergence_20d,max_drawdown_20d,ma_gap_5d",downside_vol_20d,False,disabled
17,10,2018-01-02,2025-03-13,2025-04-14,2025-07-15,1744,63,40,"adx_14d,downside_vol_20d,high_low_range_20d,downside_vol_10d,volatility_10d,atr_pct_14d,downside_vol_5d,intraday_range,volatility_5d,volume_ratio_60d,turnover_ratio_20d,volatility_20d,max_drawdown_60d,dist_to_low_20d,downside_vol_60d,max_drawdown_10d,atr_14d,price_volume_divergence_20d,max_drawdown_5d,dist_to_high_20d",adx_14d,False,disabled
17,20,2018-01-02,2025-03-13,2025-04-14,2025-07-15,1744,63,40,"adx_14d,high_low_range_20d,downside_vol_20d,downside_vol_10d,price_volume_divergence_20d,atr_14d,volatility_5d,volatility_10d,atr_pct_14d,downside_vol_5d,max_drawdown_60d,downside_vol_60d,intraday_range,ma_slope_20d,turnover_ratio_20d,dist_to_high_20d,max_drawdown_20d,ma_gap_60d,volatility_20d,ret_20d",adx_14d,False,disabled
18,1,2018-01-02,2025-06-17,2025-07-16,2025-10-20,1807,63,40,"downside_vol_20d,ma_slope_5d,max_drawdown_20d,atr_pct_14d,volume_ratio_5d,intraday_range,high_low_range_20d,dist_to_high_20d,volatility_20d,max_drawdown_10d,rsi_6d,ma_gap_60d,ret_5d,adx_14d,downside_vol_5d,max_drawdown_60d,dist_to_high_60d,downside_vol_10d,downside_vol_60d,volatility_10d",downside_vol_20d,False,disabled
18,3,2018-01-02,2025-06-17,2025-07-16,2025-10-20,1807,63,40,"downside_vol_20d,atr_pct_14d,downside_vol_5d,downside_vol_10d,volatility_20d,intraday_range,high_low_range_20d,ma_slope_5d,volatility_10d,adx_14d,downside_vol_60d,max_drawdown_10d,max_drawdown_20d,log_ret_5d,volume_ratio_60d,max_drawdown_5d,dist_to_high_20d,volatility_5d,max_drawdown_60d,price_volume_divergence_20d",downside_vol_20d,False,disabled
18,5,2018-01-02,2025-06-17,2025-07-16,2025-10-20,1807,63,40,"downside_vol_20d,downside_vol_5d,atr_pct_14d,downside_vol_10d,adx_14d,max_drawdown_5d,high_low_range_20d,volatility_20d,volatility_10d,volatility_5d,intraday_range,max_drawdown_10d,downside_vol_60d,price_volume_divergence_20d,dist_to_high_20d,max_drawdown_20d,max_drawdown_60d,log_ret_5d,volume_ratio_60d,amount_chg_5d",downside_vol_20d,False,disabled
18,10,2018-01-02,2025-06-17,2025-07-16,2025-10-20,1807,63,40,"adx_14d,downside_vol_20d,high_low_range_20d,downside_vol_10d,volatility_10d,atr_pct_14d,intraday_range,downside_vol_5d,volatility_20d,turnover_ratio_20d,volatility_5d,volume_ratio_60d,max_drawdown_60d,downside_vol_60d,dist_to_low_20d,price_volume_divergence_20d,max_drawdown_10d,max_drawdown_5d,dist_to_high_20d,max_drawdown_20d",adx_14d,False,disabled
18,20,2018-01-02,2025-06-17,2025-07-16,2025-10-20,1807,63,40,"high_low_range_20d,adx_14d,downside_vol_20d,price_volume_divergence_20d,downside_vol_10d,atr_pct_14d,volatility_5d,volatility_10d,atr_14d,downside_vol_5d,intraday_range,downside_vol_60d,max_drawdown_60d,turnover_ratio_20d,ma_slope_20d,dist_to_high_20d,max_drawdown_20d,volatility_20d,ma_gap_60d,max_drawdown_5d",high_low_range_20d,False,disabled
19,1,2018-01-02,2025-09-12,2025-10-21,2026-01-19,1870,63,40,"downside_vol_20d,ma_slope_5d,volume_ratio_5d,max_drawdown_20d,log_ret_5d,rsi_6d,atr_pct_14d,dist_to_high_20d,intraday_range,adx_14d,ma_gap_60d,volatility_20d,high_low_range_20d,max_drawdown_10d,downside_vol_5d,dist_to_low_60d,volume_ratio_60d,turnover_ratio_20d,log_ret_1d,dist_to_high_60d",downside_vol_20d,False,disabled
19,3,2018-01-02,2025-09-12,2025-10-21,2026-01-19,1870,63,40,"downside_vol_20d,atr_pct_14d,downside_vol_5d,intraday_range,volatility_20d,adx_14d,downside_vol_10d,volume_ratio_60d,ma_slope_5d,volatility_10d,high_low_range_20d,log_ret_5d,turnover_ratio_20d,max_drawdown_10d,volume_ratio_5d,max_drawdown_5d,downside_vol_60d,volatility_5d,atr_14d,price_volume_divergence_20d",downside_vol_20d,False,disabled
19,5,2018-01-02,2025-09-12,2025-10-21,2026-01-19,1870,63,40,"adx_14d,downside_vol_20d,downside_vol_5d,atr_pct_14d,downside_vol_10d,max_drawdown_5d,volatility_20d,high_low_range_20d,volume_ratio_60d,volatility_5d,volatility_10d,intraday_range,max_drawdown_10d,price_volume_divergence_20d,log_ret_5d,turnover_ratio_20d,atr_14d,downside_vol_60d,ma_gap_5d,amount_chg_5d",adx_14d,False,disabled
19,10,2018-01-02,2025-09-12,2025-10-21,2026-01-19,1870,63,40,"adx_14d,volume_ratio_60d,turnover_ratio_20d,downside_vol_20d,high_low_range_20d,volatility_10d,downside_vol_10d,intraday_range,volatility_5d,downside_vol_5d,atr_pct_14d,volatility_20d,dist_to_low_20d,price_volume_divergence_20d,atr_14d,max_drawdown_5d,max_drawdown_10d,ma_slope_20d,downside_vol_60d,max_drawdown_60d",adx_14d,False,disabled
19,20,2018-01-02,2025-09-12,2025-10-21,2026-01-19,1870,63,40,"adx_14d,high_low_range_20d,atr_14d,turnover_ratio_20d,price_volume_divergence_20d,downside_vol_20d,volatility_5d,downside_vol_10d,volatility_10d,intraday_range,downside_vol_5d,volume_ratio_60d,ma_slope_20d,atr_pct_14d,dist_to_low_60d,ma_gap_60d,downside_vol_60d,volatility_20d,dist_to_low_20d,dist_to_high_20d",adx_14d,False,disabled
20,1,2018-01-02,2025-12-18,2026-01-20,2026-04-27,1933,63,40,"downside_vol_20d,ma_slope_5d,volume_ratio_5d,max_drawdown_20d,adx_14d,ret_5d,atr_pct_14d,high_low_range_20d,rsi_6d,dist_to_high_20d,volatility_20d,intraday_strength,downside_vol_5d,intraday_range,ma_gap_60d,volume_ratio_60d,dist_to_low_60d,log_ret_1d,max_drawdown_10d,turnover_ratio_20d",downside_vol_20d,False,disabled
20,3,2018-01-02,2025-12-18,2026-01-20,2026-04-27,1933,63,40,"downside_vol_20d,downside_vol_5d,adx_14d,atr_pct_14d,ma_slope_5d,volatility_20d,intraday_range,volume_ratio_60d,downside_vol_10d,ret_5d,high_low_range_20d,volatility_10d,max_drawdown_5d,max_drawdown_10d,turnover_ratio_20d,atr_14d,volume_ratio_5d,amount_chg_5d,max_drawdown_20d,price_volume_divergence_20d",downside_vol_20d,False,disabled
20,5,2018-01-02,2025-12-18,2026-01-20,2026-04-27,1933,63,40,"adx_14d,downside_vol_5d,max_drawdown_5d,downside_vol_20d,atr_pct_14d,downside_vol_10d,high_low_range_20d,volume_ratio_60d,volatility_20d,volatility_10d,log_ret_5d,amount_chg_5d,intraday_range,volatility_5d,max_drawdown_10d,ma_gap_5d,price_volume_divergence_20d,atr_14d,turnover_ratio_20d,dist_to_high_20d",adx_14d,False,disabled
20,10,2018-01-02,2025-12-18,2026-01-20,2026-04-27,1933,63,40,"adx_14d,volume_ratio_60d,turnover_ratio_20d,high_low_range_20d,downside_vol_20d,volatility_10d,intraday_range,downside_vol_10d,downside_vol_5d,volatility_5d,atr_pct_14d,atr_14d,dist_to_low_20d,volatility_20d,price_volume_divergence_20d,ma_slope_20d,max_drawdown_5d,max_drawdown_60d,max_drawdown_10d,amount_ratio_5d",adx_14d,False,disabled
20,20,2018-01-02,2025-12-18,2026-01-20,2026-04-27,1933,63,40,"adx_14d,atr_14d,turnover_ratio_20d,high_low_range_20d,price_volume_divergence_20d,ma_slope_20d,downside_vol_20d,volatility_5d,downside_vol_10d,dist_to_low_60d,ma_gap_60d,downside_vol_5d,intraday_range,volatility_10d,volume_ratio_60d,max_drawdown_60d,atr_pct_14d,log_ret_60d,downside_vol_60d,log_ret_20d",adx_14d,False,disabled
21,1,2018-01-02,2026-03-27,2026-04-28,2026-06-09,1996,28,40,"ma_slope_5d,volume_ratio_5d,rsi_6d,downside_vol_20d,ret_5d,dist_to_low_60d,ma_gap_60d,ret_60d,adx_14d,downside_vol_5d,volume_ratio_60d,turnover_ratio_20d,max_drawdown_20d,kdj_j,max_drawdown_10d,intraday_strength,log_ret_1d,atr_pct_14d,dist_to_high_20d,atr_14d",ma_slope_5d,False,disabled
21,3,2018-01-02,2026-03-27,2026-04-28,2026-06-09,1996,28,40,"downside_vol_5d,ma_slope_5d,adx_14d,log_ret_5d,downside_vol_20d,volume_ratio_60d,atr_pct_14d,volatility_20d,downside_vol_10d,amount_chg_5d,volatility_10d,atr_14d,intraday_range,max_drawdown_5d,turnover_ratio_20d,dist_to_low_60d,max_drawdown_10d,rsi_6d,log_ret_60d,ma_gap_60d",downside_vol_5d,False,disabled
21,5,2018-01-02,2026-03-27,2026-04-28,2026-06-09,1996,28,40,"adx_14d,downside_vol_5d,max_drawdown_5d,downside_vol_10d,volume_ratio_60d,atr_pct_14d,amount_chg_5d,downside_vol_20d,volatility_10d,ret_5d,atr_14d,ma_gap_5d,volatility_5d,log_ret_60d,volatility_20d,dist_to_low_60d,high_low_range_20d,turnover_ratio_20d,ma_slope_60d,max_drawdown_10d",adx_14d,False,disabled
21,10,2018-01-02,2026-03-27,2026-04-28,2026-06-09,1996,28,40,"adx_14d,turnover_ratio_20d,volume_ratio_60d,atr_14d,volatility_10d,volatility_5d,intraday_range,downside_vol_5d,dist_to_low_20d,high_low_range_20d,downside_vol_10d,ret_60d,downside_vol_20d,ma_slope_20d,macd_hist,dist_to_low_60d,ma_slope_60d,kdj_d,volatility_20d,close_zscore_20d",adx_14d,False,disabled
21,20,2018-01-02,2026-03-27,2026-04-28,2026-06-09,1996,28,40,"atr_14d,adx_14d,turnover_ratio_20d,ma_slope_20d,dist_to_low_60d,price_volume_divergence_20d,high_low_range_20d,ma_gap_60d,ret_60d,volatility_5d,volume_ratio_60d,max_drawdown_60d,volatility_60d,intraday_range,macd_dea,macd_hist,downside_vol_5d,volatility_10d,amount_ratio_5d,amount_chg_5d",atr_14d,False,disabled
