split,horizon,test_start,test_end,observations,spearman_ic,direction_accuracy,prob_accuracy
1,1,2021-02-09,2021-05-19,63,0.32378072196620583,0.6031746031746031,0.5714285714285714
1,3,2021-02-09,2021-05-19,63,0.6419930875576036,0.7301587301587301,0.7619047619047619
1,5,2021-02-09,2021-05-19,63,0.7396313364055299,0.7301587301587301,0.7301587301587301
1,10,2021-02-09,2021-05-19,63,0.6970046082949309,0.7619047619047619,0.7142857142857143
1,20,2021-02-09,2021-05-19,63,0.5721966205837175,0.9047619047619048,0.9047619047619048
1,60,2021-02-09,2021-05-19,63,-0.3784082181259601,0.5873015873015873,0.9682539682539683
2,1,2021-05-20,2021-08-17,63,0.09874231950844856,0.5714285714285714,0.5396825396825397
2,3,2021-05-20,2021-08-17,63,0.09130184331797236,0.5238095238095238,0.42857142857142855
2,5,2021-05-20,2021-08-17,63,0.10464669738863289,0.5396825396825397,0.6349206349206349
2,10,2021-05-20,2021-08-17,63,0.0212173579109063,0.4603174603174603,0.49206349206349204
2,20,2021-05-20,2021-08-17,63,-0.04603494623655914,0.36507936507936506,0.49206349206349204
2,60,2021-05-20,2021-08-17,63,0.7861943164362519,0.3333333333333333,0.2698412698412698
3,1,2021-08-18,2021-11-23,63,-0.15860215053763443,0.47619047619047616,0.4126984126984127
3,3,2021-08-18,2021-11-23,63,0.04416282642089094,0.4603174603174603,0.4444444444444444
3,5,2021-08-18,2021-11-23,63,-0.2512480798771121,0.47619047619047616,0.5555555555555556
3,10,2021-08-18,2021-11-23,63,-0.26276881720430106,0.5238095238095238,0.5238095238095238
3,20,2021-08-18,2021-11-23,63,-0.5714285714285715,0.5396825396825397,0.5238095238095238
3,60,2021-08-18,2021-11-23,63,-0.3269489247311828,0.47619047619047616,0.4603174603174603
4,1,2021-11-24,2022-02-28,63,0.22422235023041476,0.5396825396825397,0.47619047619047616
4,3,2021-11-24,2022-02-28,63,0.2780337941628264,0.4603174603174603,0.4603174603174603
4,5,2021-11-24,2022-02-28,63,0.533410138248848,0.47619047619047616,0.4444444444444444
4,10,2021-11-24,2022-02-28,63,0.6746351766513057,0.4444444444444444,0.42857142857142855
4,20,2021-11-24,2022-02-28,63,0.7264304915514592,0.5079365079365079,0.4126984126984127
4,60,2021-11-24,2022-02-28,63,0.23843125960061443,0.6507936507936508,0.047619047619047616
5,1,2022-03-01,2022-06-02,63,0.17228302611367127,0.4444444444444444,0.4603174603174603
5,3,2022-03-01,2022-06-02,63,0.3977054531490015,0.47619047619047616,0.47619047619047616
5,5,2022-03-01,2022-06-02,63,0.46370967741935487,0.49206349206349204,0.49206349206349204
5,10,2022-03-01,2022-06-02,63,0.41570660522273434,0.49206349206349204,0.49206349206349204
5,20,2022-03-01,2022-06-02,63,0.6001344086021505,0.5396825396825397,0.5396825396825397
5,60,2022-03-01,2022-06-02,63,0.2054051459293395,0.9365079365079365,0.20634920634920634
6,1,2022-06-06,2022-08-31,63,-0.06816436251920123,0.4603174603174603,0.5396825396825397
6,3,2022-06-06,2022-08-31,63,-0.08122119815668204,0.5714285714285714,0.5238095238095238
6,5,2022-06-06,2022-08-31,63,-0.11208717357910905,0.5873015873015873,0.5238095238095238
6,10,2022-06-06,2022-08-31,63,-0.30664362519201227,0.7619047619047619,0.7619047619047619
6,20,2022-06-06,2022-08-31,63,-0.48415898617511527,0.8095238095238095,0.8095238095238095
6,60,2022-06-06,2022-08-31,63,-0.08222926267281105,0.6507936507936508,0.6507936507936508
7,1,2022-09-01,2022-12-06,63,-0.054771505376344086,0.42857142857142855,0.42857142857142855
7,3,2022-09-01,2022-12-06,63,0.06710829493087558,0.4603174603174603,0.4603174603174603
7,5,2022-09-01,2022-12-06,63,-0.017473118279569894,0.4126984126984127,0.4126984126984127
7,10,2022-09-01,2022-12-06,63,-0.19388440860215053,0.3968253968253968,0.3968253968253968
7,20,2022-09-01,2022-12-06,63,0.32819700460829493,0.30158730158730157,0.30158730158730157
7,60,2022-09-01,2022-12-06,63,-0.42127496159754224,0.1111111111111111,0.12698412698412698
8,1,2022-12-07,2023-03-13,63,0.019489247311827957,0.49206349206349204,0.5555555555555556
8,3,2022-12-07,2023-03-13,63,-0.12634408602150538,0.4444444444444444,0.47619047619047616
8,5,2022-12-07,2023-03-13,63,0.058083717357910916,0.4603174603174603,0.47619047619047616
8,10,2022-12-07,2023-03-13,63,-0.04574692780337942,0.4126984126984127,0.4126984126984127
8,20,2022-12-07,2023-03-13,63,0.0464189708141321,0.49206349206349204,0.49206349206349204
8,60,2022-12-07,2023-03-13,63,-0.18202764976958524,0.5555555555555556,0.5079365079365079
9,1,2023-03-14,2023-06-14,63,-0.1569220430107527,0.49206349206349204,0.3968253968253968
9,3,2023-03-14,2023-06-14,63,-0.006816436251920123,0.4126984126984127,0.4603174603174603
9,5,2023-03-14,2023-06-14,63,-0.08669354838709678,0.47619047619047616,0.42857142857142855
9,10,2023-03-14,2023-06-14,63,0.19263632872503839,0.5396825396825397,0.5714285714285714
9,20,2023-03-14,2023-06-14,63,0.3108678955453149,0.6349206349206349,0.6349206349206349
9,60,2023-03-14,2023-06-14,63,-0.7779857910906298,0.2222222222222222,0.2222222222222222
10,1,2023-06-15,2023-09-13,63,-0.07838901689708143,0.3333333333333333,0.38095238095238093
10,3,2023-06-15,2023-09-13,63,-0.009504608294930876,0.23809523809523808,0.23809523809523808
10,5,2023-06-15,2023-09-13,63,-0.13906490015360984,0.20634920634920634,0.20634920634920634
10,10,2023-06-15,2023-09-13,63,0.26732910906298,0.15873015873015872,0.15873015873015872
10,20,2023-06-15,2023-09-13,63,0.19786866359447006,0.0,0.0
10,60,2023-06-15,2023-09-13,63,-0.41570660522273434,0.3492063492063492,0.4126984126984127
11,1,2023-09-14,2023-12-19,63,-0.029473886328725035,0.3492063492063492,0.3968253968253968
11,3,2023-09-14,2023-12-19,63,0.08414938556067589,0.3968253968253968,0.4126984126984127
11,5,2023-09-14,2023-12-19,63,0.10882296466973887,0.4444444444444444,0.3968253968253968
11,10,2023-09-14,2023-12-19,63,0.1895641321044547,0.5396825396825397,0.5714285714285714
11,20,2023-09-14,2023-12-19,63,0.1678667434715822,0.49206349206349204,0.6666666666666666
11,60,2023-09-14,2023-12-19,63,0.3762000768049156,1.0,1.0
12,1,2023-12-20,2024-03-26,63,-0.03662634408602151,0.4126984126984127,0.5238095238095238
12,3,2023-12-20,2024-03-26,63,0.20338901689708144,0.4444444444444444,0.6031746031746031
12,5,2023-12-20,2024-03-26,63,0.26300883256528423,0.4603174603174603,0.5238095238095238
12,10,2023-12-20,2024-03-26,63,0.5772849462365592,0.6825396825396826,0.7936507936507936
12,20,2023-12-20,2024-03-26,63,0.40961021505376344,0.6190476190476191,0.7936507936507936
12,60,2023-12-20,2024-03-26,63,0.4749903993855607,0.5396825396825397,0.6666666666666666
13,1,2024-03-27,2024-07-01,63,0.16469854070660522,0.5238095238095238,0.5555555555555556
13,3,2024-03-27,2024-07-01,63,0.17636328725038403,0.5555555555555556,0.5079365079365079
13,5,2024-03-27,2024-07-01,63,0.2628648233486943,0.4126984126984127,0.36507936507936506
13,10,2024-03-27,2024-07-01,63,0.42285906298003073,0.6031746031746031,0.6825396825396826
13,20,2024-03-27,2024-07-01,63,0.5125288018433181,0.6349206349206349,0.7619047619047619
13,60,2024-03-27,2024-07-01,63,0.6294642857142858,0.4444444444444444,0.7619047619047619
14,1,2024-07-02,2024-09-30,63,-0.26118471582181263,0.36507936507936506,0.3968253968253968
14,3,2024-07-02,2024-09-30,63,-0.1983966973886329,0.36507936507936506,0.5079365079365079
14,5,2024-07-02,2024-09-30,63,-0.26329685099846395,0.38095238095238093,0.47619047619047616
14,10,2024-07-02,2024-09-30,63,0.0715725806451613,0.5714285714285714,0.6190476190476191
14,20,2024-07-02,2024-09-30,63,0.36501536098310294,0.3968253968253968,0.5238095238095238
14,60,2024-07-02,2024-09-30,63,0.44076420890937024,0.9206349206349206,0.2857142857142857
15,1,2024-10-08,2025-01-03,63,0.019681259600614436,0.5079365079365079,0.5396825396825397
15,3,2024-10-08,2025-01-03,63,0.17127496159754227,0.6031746031746031,0.6031746031746031
15,5,2024-10-08,2025-01-03,63,0.42264812128765084,0.6825396825396826,0.6190476190476191
15,10,2024-10-08,2025-01-03,63,0.47201420890937024,0.6031746031746031,0.6190476190476191
15,20,2024-10-08,2025-01-03,63,0.48439900153609833,0.7936507936507936,0.8412698412698413
15,60,2024-10-08,2025-01-03,63,0.7349270353302613,0.746031746031746,0.7619047619047619
16,1,2025-01-06,2025-04-11,63,0.11487135176651306,0.5079365079365079,0.5714285714285714
16,3,2025-01-06,2025-04-11,63,0.34375,0.6666666666666666,0.6190476190476191
16,5,2025-01-06,2025-04-11,63,0.23478302611367133,0.6190476190476191,0.5714285714285714
16,10,2025-01-06,2025-04-11,63,-0.11223118279569892,0.6031746031746031,0.49206349206349204
16,20,2025-01-06,2025-04-11,63,-0.22796658986175114,0.6507936507936508,0.36507936507936506
16,60,2025-01-06,2025-04-11,63,0.5121447772657449,0.4444444444444444,0.5873015873015873
17,1,2025-04-14,2025-07-15,63,0.07848502304147466,0.5079365079365079,0.5396825396825397
17,3,2025-04-14,2025-07-15,63,0.057315668202764986,0.5714285714285714,0.5714285714285714
17,5,2025-04-14,2025-07-15,63,0.2277745775729647,0.5555555555555556,0.47619047619047616
17,10,2025-04-14,2025-07-15,63,0.41887480798771126,0.47619047619047616,0.49206349206349204
17,20,2025-04-14,2025-07-15,63,0.2480798771121352,0.5079365079365079,0.38095238095238093
17,60,2025-04-14,2025-07-15,63,0.465965821812596,0.6349206349206349,0.4126984126984127
18,1,2025-07-16,2025-10-20,63,0.19297235023041479,0.5396825396825397,0.49206349206349204
18,3,2025-07-16,2025-10-20,63,0.35743087557603687,0.6031746031746031,0.4603174603174603
18,5,2025-07-16,2025-10-20,63,0.4069220430107527,0.5714285714285714,0.5079365079365079
18,10,2025-07-16,2025-10-20,63,0.5485311059907835,0.6349206349206349,0.5079365079365079
18,20,2025-07-16,2025-10-20,63,0.5656201996927803,0.8571428571428571,0.5238095238095238
18,60,2025-07-16,2025-10-20,63,0.7572964669738864,0.8412698412698413,0.6984126984126984
19,1,2025-10-21,2026-01-19,63,0.21702188940092168,0.6190476190476191,0.5873015873015873
19,3,2025-10-21,2026-01-19,63,0.33501344086021506,0.6507936507936508,0.6666666666666666
19,5,2025-10-21,2026-01-19,63,0.38407258064516125,0.6507936507936508,0.7142857142857143
19,10,2025-10-21,2026-01-19,63,0.5544834869431644,0.7142857142857143,0.6666666666666666
19,20,2025-10-21,2026-01-19,63,0.726718509984639,0.6666666666666666,0.7619047619047619
19,60,2025-10-21,2026-01-19,63,0.6008544546850999,0.6031746031746031,0.38095238095238093
20,1,2026-01-20,2026-04-27,63,0.04133064516129033,0.5079365079365079,0.4603174603174603
20,3,2026-01-20,2026-04-27,63,0.3386136712749616,0.6349206349206349,0.6349206349206349
20,5,2026-01-20,2026-04-27,63,0.4895353302611367,0.6507936507936508,0.6349206349206349
20,10,2026-01-20,2026-04-27,63,0.31394009216589863,0.5714285714285714,0.38095238095238093
20,20,2026-01-20,2026-04-27,63,-0.0024481566820276496,0.5873015873015873,0.6190476190476191
20,60,2026-01-20,2026-04-27,31,0.4008064516129033,0.6129032258064516,0.6129032258064516
21,1,2026-04-28,2026-06-09,27,-0.18376068376068375,0.4444444444444444,0.4444444444444444
21,3,2026-04-28,2026-06-09,25,-0.27615384615384614,0.28,0.28
21,5,2026-04-28,2026-06-09,23,-0.2440711462450593,0.34782608695652173,0.34782608695652173
21,10,2026-04-28,2026-06-09,18,-0.08359133126934985,0.3888888888888889,0.4444444444444444
21,20,2026-04-28,2026-06-09,8,0.8571428571428572,0.25,0.125
