label,non_null,positive_rate,mean,p05,p95
y_ret_1d,2043,0.4723445912873226,0.0006508978063658533,-0.0520754760432828,0.060611635646687326
y_up_1d,2043,0.4723445912873226,0.4723445912873226,0.0,1.0
y_up_after_cost_1d,2043,0.4390602055800294,0.4390602055800294,0.0,1.0
future_mdd_1d,2043,,-0.012158169530111715,-0.05074278150833806,0.0
future_vol_1d,2043,,0.0,0.0,0.0
future_mfe_1d,2043,,0.001284822584527173,-0.05074278150833806,0.0624862030905077
future_mae_1d,2043,,0.001284822584527173,-0.05074278150833806,0.0624862030905077
y_good_trade_1d,2043,0.4390602055800294,0.4390602055800294,0.0,1.0
y_bad_trade_1d,2043,0.49241311796377873,0.49241311796377873,0.0,1.0
y_trend_continue_1d,2043,0.33284385707293196,0.33284385707293196,0.0,1.0
y_stop_loss_hit_1d,2043,0.007342143906020558,0.007342143906020558,0.0,0.0
y_take_profit_before_stop_1d,2043,0.0019579050416054823,0.0019579050416054823,0.0,0.0
y_large_drawdown_1d,2043,0.21536955457660303,0.21536955457660303,0.0,1.0
y_high_vol_next_1d,2043,0.0,0.0,0.0,0.0
y_risk_event_1d,2043,0.21536955457660303,0.21536955457660303,0.0,1.0
y_limit_down_next_1d,2043,0.0,0.0,0.0,0.0
y_untradable_next_1d,2043,0.0,0.0,0.0,0.0
y_gap_down_next_1d,2043,0.01908957415565345,0.01908957415565345,0.0,0.0
y_ret_3d,2041,0.4953454189122979,0.001842416292914649,-0.09069415466146713,0.10055004532242799
y_up_3d,2041,0.4953454189122979,0.4953454189122979,0.0,1.0
y_up_after_cost_3d,2041,0.48358647721705045,0.48358647721705045,0.0,1.0
future_mdd_3d,2041,,-0.03463580241149872,-0.0999620637329286,0.0
future_vol_3d,2041,,0.023770980181806185,0.005242687381206085,0.05592030266279344
future_mfe_3d,2041,,0.0245036994841475,-0.037375415282391966,0.11199675763307226
future_mae_3d,2041,,-0.019508423300576942,-0.09426551453260024,0.04654819940242172
y_good_trade_3d,2041,0.3625673689367957,0.3625673689367957,0.0,1.0
y_bad_trade_3d,2041,0.5639392454679079,0.5639392454679079,0.0,1.0
y_trend_continue_3d,2041,0.45369916707496327,0.45369916707496327,0.0,1.0
y_stop_loss_hit_3d,2041,0.043606075453209214,0.043606075453209214,0.0,0.0
y_take_profit_before_stop_3d,2041,0.014698677119059285,0.014698677119059285,0.0,0.0
y_large_drawdown_3d,2041,0.5938265556099951,0.5938265556099951,0.0,1.0
y_high_vol_next_3d,2041,0.19500244977951983,0.19500244977951983,0.0,1.0
y_risk_event_3d,2041,0.6320431161195492,0.6320431161195492,0.0,1.0
y_limit_down_next_3d,2041,0.0,0.0,0.0,0.0
y_untradable_next_3d,2041,0.0,0.0,0.0,0.0
y_gap_down_next_3d,2041,0.053405193532582065,0.053405193532582065,0.0,1.0
y_ret_5d,2039,0.49877390877881317,0.003139498928052555,-0.12564567374994917,0.13338667708294
y_up_5d,2039,0.49877390877881317,0.49877390877881317,0.0,1.0
y_up_after_cost_5d,2039,0.48749386954389407,0.48749386954389407,0.0,1.0
future_mdd_5d,2039,,-0.052187971499090734,-0.13890251696133904,-0.004072398190045234
future_vol_5d,2039,,0.027587256159634248,0.009103109315664437,0.056613078146453895
future_mfe_5d,2039,,0.040339344815448534,-0.03327082750944239,0.15611887283921375
future_mae_5d,2039,,-0.03238813636733871,-0.12971327143128028,0.037927177284657596
y_good_trade_5d,2039,0.37273173124080433,0.37273173124080433,0.0,1.0
y_bad_trade_5d,2039,0.493379107405591,0.493379107405591,0.0,1.0
y_trend_continue_5d,2039,0.29818538499264347,0.29818538499264347,0.0,1.0
y_stop_loss_hit_5d,2039,0.09514467876410004,0.09514467876410004,0.0,1.0
y_take_profit_before_stop_5d,2039,0.032368808239333004,0.032368808239333004,0.0,0.0
y_large_drawdown_5d,2039,0.17851888180480627,0.17851888180480627,0.0,1.0
y_high_vol_next_5d,2039,0.19911721432074547,0.19911721432074547,0.0,1.0
y_risk_event_5d,2039,0.3006375674350172,0.3006375674350172,0.0,1.0
y_limit_down_next_5d,2039,0.0,0.0,0.0,0.0
y_untradable_next_5d,2039,0.0,0.0,0.0,0.0
y_gap_down_next_5d,2039,0.08435507601765571,0.08435507601765571,0.0,1.0
y_ret_10d,2034,0.5191740412979351,0.006625362487398574,-0.1605279079645907,0.18673574526003875
y_up_10d,2034,0.5191740412979351,0.5191740412979351,0.0,1.0
y_up_after_cost_10d,2034,0.5137659783677483,0.5137659783677483,0.0,1.0
future_mdd_10d,2034,,-0.08478270471192154,-0.1912328071632973,-0.022900423472474295
future_vol_10d,2034,,0.03057391856302971,0.012608353195312836,0.05556728117117247
future_mfe_10d,2034,,0.07035104509778452,-0.025731035984940965,0.24485066150073728
future_mae_10d,2034,,-0.05378792944407677,-0.17108010960375442,0.030441058742317974
y_good_trade_10d,2034,0.23992133726647,0.23992133726647,0.0,1.0
y_bad_trade_10d,2034,0.6927236971484759,0.6927236971484759,0.0,1.0
y_trend_continue_10d,2034,0.5108161258603736,0.5108161258603736,0.0,1.0
y_stop_loss_hit_10d,2034,0.19567354965585054,0.19567354965585054,0.0,1.0
y_take_profit_before_stop_10d,2034,0.09980334316617502,0.09980334316617502,0.0,1.0
y_large_drawdown_10d,2034,0.960668633235005,0.960668633235005,1.0,1.0
y_high_vol_next_10d,2034,0.2030481809242871,0.2030481809242871,0.0,1.0
y_risk_event_10d,2034,0.960668633235005,0.960668633235005,1.0,1.0
y_limit_down_next_10d,2034,0.0,0.0,0.0,0.0
y_untradable_next_10d,2034,0.0,0.0,0.0,0.0
y_gap_down_next_10d,2034,0.1529006882989184,0.1529006882989184,0.0,1.0
y_ret_20d,2024,0.5207509881422925,0.013710767115969405,-0.20908423740904153,0.26855465270696743
y_up_20d,2024,0.5207509881422925,0.5207509881422925,0.0,1.0
y_up_after_cost_20d,2024,0.5163043478260869,0.5163043478260869,0.0,1.0
future_mdd_20d,2024,,-0.12909791924566758,-0.2513107474186663,-0.044028618602091285
future_vol_20d,2024,,0.032125281236724944,0.014601576261623941,0.05465145314614984
future_mfe_20d,2024,,0.11868239363087482,-0.018486419042134612,0.38807700377158516
future_mae_20d,2024,,-0.08158493248779106,-0.2243235264316417,0.02418630033152139
y_good_trade_20d,2024,0.35721343873517786,0.35721343873517786,0.0,1.0
y_bad_trade_20d,2024,0.48221343873517786,0.48221343873517786,0.0,1.0
y_trend_continue_20d,2024,0.3409090909090909,0.3409090909090909,0.0,1.0
y_stop_loss_hit_20d,2024,0.36363636363636365,0.36363636363636365,0.0,1.0
y_take_profit_before_stop_20d,2024,0.21739130434782608,0.21739130434782608,0.0,1.0
y_large_drawdown_20d,2024,0.3221343873517787,0.3221343873517787,0.0,1.0
y_high_vol_next_20d,2024,0.18972332015810275,0.18972332015810275,0.0,1.0
y_risk_event_20d,2024,0.4209486166007905,0.4209486166007905,0.0,1.0
y_limit_down_next_20d,2024,0.0,0.0,0.0,0.0
y_untradable_next_20d,2024,0.0,0.0,0.0,0.0
y_gap_down_next_20d,2024,0.25296442687747034,0.25296442687747034,0.0,1.0
y_ret_60d,1984,0.5246975806451613,0.03964530910661316,-0.32989451890307914,0.444748602705744
y_up_60d,1984,0.5246975806451613,0.5246975806451613,0.0,1.0
y_up_after_cost_60d,1984,0.5211693548387096,0.5211693548387096,0.0,1.0
future_mdd_60d,1984,,-0.2298338158799538,-0.40196759259259257,-0.09631017697428995
future_vol_60d,1984,,0.03337277681468171,0.015204984143019924,0.05037751122736192
future_mfe_60d,1984,,0.25989723348066396,-0.010486437087193155,0.7750913031759578
future_mae_60d,1984,,-0.1423785306259379,-0.33883708748035624,0.01126000276102389
y_good_trade_60d,1984,0.3160282258064516,0.3160282258064516,0.0,1.0
y_bad_trade_60d,1984,0.5065524193548387,0.5065524193548387,0.0,1.0
y_trend_continue_60d,1984,0.34173387096774194,0.34173387096774194,0.0,1.0
y_stop_loss_hit_60d,1984,0.5725806451612904,0.5725806451612904,0.0,1.0
y_take_profit_before_stop_60d,1984,0.3387096774193548,0.3387096774193548,0.0,1.0
y_large_drawdown_60d,1984,0.4657258064516129,0.4657258064516129,0.0,1.0
y_high_vol_next_60d,1984,0.21068548387096775,0.21068548387096775,0.0,1.0
y_risk_event_60d,1984,0.5398185483870968,0.5398185483870968,0.0,1.0
y_limit_down_next_60d,1984,0.0,0.0,0.0,0.0
y_untradable_next_60d,1984,0.0,0.0,0.0,0.0
y_gap_down_next_60d,1984,0.5241935483870968,0.5241935483870968,0.0,1.0
y_crash_5d,2039,0.17851888180480627,0.17851888180480627,0.0,1.0
y_crash_20d,2024,0.3221343873517787,0.3221343873517787,0.0,1.0
