strategy_name,entry_date,entry_price,entry_index,entry_position,exit_date,exit_price,holding_days,trade_return,max_adverse_return,max_favorable_return
ma_60_120,2018-07-03,10.62,120,1.0,2018-07-06,10.19,3,-0.042955175202491036,-0.05273069679849329,0.0555555555555558
ma_60_120,2018-07-09,10.46,124,1.0,2018-07-20,11.99,9,0.14332494371614213,0.0019120458891013214,0.20554493307839383
ma_60_120,2019-03-04,12.04,281,1.0,2019-03-27,11.91,17,-0.013367844651162808,-0.03156146179401986,0.16196013289036548
ma_60_120,2019-03-28,11.66,299,1.0,2019-04-26,10.33,20,-0.11636612346366215,-0.10463121783876506,0.08662092624356776
ma_60_120,2019-04-29,10.49,320,1.0,2019-05-07,9.2,3,-0.12525060477694594,-0.14394661582459478,0.0057197330791229906
ma_60_120,2019-05-08,8.61,324,1.0,2019-07-05,10.24,41,0.18627833703666097,0.05691056910569103,0.2694541231126597
ma_60_120,2019-09-10,12.45,412,1.0,2019-11-26,11.19,49,-0.10356115361067386,-0.11164658634538138,0.07791164658634542
ma_60_120,2019-11-27,11.06,462,1.0,2020-02-04,15.59,42,0.4059451053191445,0.0244122965641953,0.721518987341772
ma_60_120,2020-02-05,17.14,505,1.0,2020-03-02,22.46,18,0.30696759552465314,0.008751458576429227,0.5460910151691949
ma_60_120,2020-03-03,22.4,524,1.0,2020-03-10,19.53,5,-0.13043037673666835,-0.13794642857142858,-0.02678571428571419
ma_60_120,2020-03-11,20.94,530,1.0,2020-03-25,19.58,10,-0.06744535271751417,-0.09933142311365817,0.09169054441260727
ma_60_120,2020-03-26,19.75,541,1.0,2020-04-01,16.93,4,-0.14501898462581875,-0.14430379746835453,-0.03037974683544309
ma_60_120,2020-04-02,17.07,546,1.0,2020-07-06,23.79,61,0.3901195187912323,0.007029876977152849,0.4674868189806678
ma_60_120,2020-07-07,25.05,608,1.0,2020-07-17,22.31,8,-0.11169442995822643,-0.13932135728542927,0.0850299401197605
ma_60_120,2020-07-20,21.98,617,1.0,2020-10-21,28.63,61,0.29919021294554193,-0.032302092811646976,0.469972702456779
ma_60_120,2020-10-22,27.43,679,1.0,2020-11-18,25.39,19,-0.07678847886885876,-0.08312067079839591,0.09405760116660589
ma_60_120,2020-11-19,25.76,699,1.0,2021-02-22,39.57,61,0.5321332690853646,0.006599378881987583,0.6649844720496894
ma_60_120,2021-02-23,37.58,761,1.0,2021-03-05,32.88,8,-0.12733860767924066,-0.12213943587014364,0.0031931878658861823
ma_60_120,2021-03-08,33.26,770,1.0,2021-05-25,38.3,52,0.1484752767514299,-0.1256764882742032,0.1876127480457006
ma_60_120,2021-06-11,42.88,835,1.0,2021-09-07,71.6,61,0.6654033082321535,-0.07905783582089554,0.7651585820895521
ma_60_120,2021-09-08,72.52,897,1.0,2021-09-30,62.31,14,-0.1430510685995975,-0.14547710976282402,0.010893546607832372
ma_60_120,2021-10-08,63.02,912,1.0,2021-11-25,65.64,34,0.03882999182423674,-0.05871152015233261,0.28133925737861
ma_60_120,2021-11-26,65.02,947,1.0,2022-01-06,57.63,28,-0.11595109917206592,-0.1008920332205474,0.12749923100584448
ma_60_120,2022-01-07,58.56,976,1.0,2022-01-27,59.37,14,0.01116972408399941,-0.06984289617486339,0.03944672131147531
ma_60_120,2022-07-20,67.05,1103,1.0,2022-09-22,69.18,45,0.029096422900922514,-0.016703952274421896,0.22759134973900075
ma_60_120,2022-09-23,70.16,1149,1.0,2022-11-29,63.58,42,-0.09614946581122508,-0.10276510832383112,0.08323831242873436
ma_60_120,2022-11-30,62.89,1192,1.0,2022-12-08,68.6,6,0.08797138092179657,-0.01383367785021461,0.09651772936873892
ma_60_120,2023-05-11,66.03,1298,1.0,2023-07-28,59.71,54,-0.09804933734813914,-0.0938967136150235,0.08799030743601399
ma_60_120,2023-07-31,60.75,1353,1.0,2023-08-11,59.11,9,-0.0295271184093866,-0.03703703703703709,-0.0036213991769546983
ma_60_120,2024-11-20,35.33,1669,1.0,2024-12-18,31.82,20,-0.10168094124024318,-0.10472686102462492,0.0
ma_60_120,2024-12-19,31.32,1690,1.0,2025-01-07,28.45,12,-0.09398535572071898,-0.08939974457215838,0.07375478927203072
ma_60_120,2025-01-08,28.65,1703,1.0,2025-03-10,32.87,37,0.14430032264548642,-0.04956369982547992,0.16369982547993045
ma_60_120,2025-09-11,34.06,1868,1.0,2025-10-20,38.35,21,0.12308683375709562,0.025836758661186066,0.39195537287140314
ma_60_120,2025-10-21,38.91,1890,1.0,2025-11-19,36.7,21,-0.0592230881416308,-0.08892315600102785,0.07761500899511709
ma_60_120,2025-11-20,35.83,1912,1.0,2026-02-13,52.05,59,0.44888608373140815,-0.06782026234998606,0.7320680993580799
ma_60_120,2026-02-24,52.15,1972,1.0,2026-03-09,46.53,9,-0.11009036773583036,-0.10853307766059439,0.0724832214765101
ma_60_120,2026-03-10,47.15,1982,1.0,2026-03-27,42.62,13,-0.09840879550875803,-0.08971367974549305,0.02396606574761395
ma_60_120,2026-03-30,42.65,1996,1.0,2026-06-02,47.98,42,0.12203065226996679,-0.059085580304806484,0.3294255568581479
momentum_20,2018-03-06,12.99,40,1.0,2018-05-21,15.97,50,0.22621179150746396,-0.012317167051578148,0.35950731331793695
momentum_20,2018-05-22,17.13,91,1.0,2018-05-28,14.49,4,-0.15633523492313217,-0.18739054290718038,-0.015761821366024442
momentum_20,2018-07-10,10.84,125,1.0,2018-07-12,10.89,2,0.0019672542835327267,-0.03321033210332103,0.08487084870848705
momentum_20,2018-07-13,11.98,128,1.0,2018-08-06,10.45,16,-0.129970931388533,-0.14858096828046752,0.08180300500834736
momentum_20,2018-09-04,10.16,165,1.0,2018-09-05,10.43,1,0.02392840850393707,0.030511811023621993,0.06791338582677153
momentum_20,2018-09-06,10.79,167,1.0,2018-09-11,10.86,3,0.0038794508258590543,-0.000926784059314123,0.03707136237256714
momentum_20,2018-09-13,11.09,172,1.0,2018-09-17,9.29,2,-0.1644918795089031,-0.19837691614066721,-0.009017132551848439
momentum_20,2018-11-06,8.5,204,1.0,2018-11-26,7.77,14,-0.08827174686415573,-0.10941176470588232,0.08235294117647052
momentum_20,2018-11-27,7.72,219,1.0,2018-12-03,8.35,4,0.07878196116171243,-0.016839378238341918,0.0841968911917097
momentum_20,2018-12-06,8.54,226,1.0,2018-12-11,8.6,3,0.004433589668968008,-0.003512880562060783,0.02927400468384067
momentum_20,2018-12-24,7.87,238,1.0,2018-12-27,8.31,3,0.05321504246223374,0.0,0.08259212198221078
momentum_20,2018-12-28,7.89,242,1.0,2019-01-02,7.72,1,-0.024106037820025406,-0.05069708491761715,-0.02281368821292773
momentum_20,2019-01-31,8.03,264,1.0,2019-03-27,11.91,34,0.4793668717749129,0.0,0.742216687422167
momentum_20,2019-03-28,11.66,299,1.0,2019-04-03,12.44,4,0.06412443602246287,-0.011149228130360234,0.08662092624356776
momentum_20,2019-06-04,10.13,343,1.0,2019-06-10,9.71,3,-0.04395792113753072,-0.04837117472852914,0.005923000987166693
momentum_20,2019-06-12,10.2,348,1.0,2019-07-09,9.62,19,-0.05929412159334824,-0.05490196078431364,0.07156862745098036
momentum_20,2019-07-15,9.65,371,1.0,2019-07-18,9.86,3,0.019140580234318305,0.0010362694300518616,0.04352331606217619
momentum_20,2019-07-31,10.85,383,1.0,2019-09-18,11.25,34,0.03418254777070118,-0.04608294930875578,0.1566820276497698
momentum_20,2019-09-24,12.28,421,1.0,2019-10-29,12.14,20,-0.013965111540122588,-0.032573289902280034,0.09283387622149841
momentum_20,2019-10-30,12.33,442,1.0,2019-11-04,12.76,3,0.032208551645815486,0.012976480129764711,0.03244120032441211
momentum_20,2019-11-06,13.02,447,1.0,2019-11-07,12.79,1,-0.020231893333333417,-0.009984639016897057,0.0
momentum_20,2019-11-15,12.91,454,1.0,2019-11-22,11.84,5,-0.08529112481187817,-0.11386522075910155,-0.031758326878388865
momentum_20,2019-12-17,12.66,476,1.0,2020-02-04,15.59,28,0.22825066418393924,-0.03633491311216441,0.5039494470774091
momentum_20,2020-02-05,17.14,505,1.0,2020-03-02,22.46,18,0.30696759552465314,0.008751458576429227,0.5460910151691949
momentum_20,2020-03-03,22.4,524,1.0,2020-03-10,19.53,5,-0.13043037673666835,-0.13794642857142858,-0.02678571428571419
momentum_20,2020-03-11,20.94,530,1.0,2020-03-12,19.19,1,-0.08602024099331429,-0.0725883476599809,-0.05539637058261704
momentum_20,2020-03-13,18.51,532,1.0,2020-03-19,21.2,4,0.14247379535386262,0.10264721772015117,0.23500810372771452
momentum_20,2020-04-23,18.93,560,1.0,2020-04-24,17.93,1,-0.055329674632857984,-0.0581088219757,-0.04437400950871628
momentum_20,2020-04-29,19.2,564,1.0,2020-06-01,19.39,20,0.007306517176133509,-0.01041666666666663,0.1546875000000001
momentum_20,2020-06-02,20.49,585,1.0,2020-06-03,20.55,1,0.00032442682284061775,-0.01512933138116146,0.007320644216691097
momentum_20,2020-06-22,20.73,599,1.0,2020-07-17,22.31,17,0.07345908362364151,0.040038591413410485,0.3111432706222865
momentum_20,2020-07-20,21.98,617,1.0,2020-07-27,21.39,5,-0.029351077369711542,-0.032302092811646976,0.05050045495905375
momentum_20,2020-07-30,23.07,625,1.0,2020-07-31,22.33,1,-0.034617112232336544,-0.0273081924577373,-0.015171218032076328
momentum_20,2020-08-17,23.54,637,1.0,2020-08-20,22.01,3,-0.06743733986031353,-0.086661002548853,-0.01486830926083249
momentum_20,2020-08-24,21.91,642,1.0,2020-08-27,22.22,3,0.011569221400238083,0.003651300775901367,0.10771337288909177
momentum_20,2020-08-28,24.58,646,1.0,2020-09-04,22.69,5,-0.07927785999174275,-0.058584214808787505,0.011798209926769943
momentum_20,2020-09-07,24.34,652,1.0,2020-10-21,28.63,26,0.1732172732579611,-0.0279375513557929,0.32744453574363197
momentum_20,2020-11-03,28.08,687,1.0,2020-11-04,27.97,1,-0.006508887635327643,-0.043091168091167975,-0.005698005698005604
momentum_20,2020-11-06,28.79,690,1.0,2020-11-09,28.09,1,-0.026868792719694334,-0.028829454671761012,0.03230288294546724
momentum_20,2020-11-23,27.03,701,1.0,2020-11-26,26.48,3,-0.022900749994631653,-0.02219755826859049,0.006659267480577213
momentum_20,2020-12-03,28.07,709,1.0,2020-12-04,27.56,1,-0.020734719600997598,-0.01353758460990373,-0.012112575703598139
momentum_20,2020-12-11,28.22,715,1.0,2020-12-14,27.55,1,-0.026297851282778173,-0.04216867469879515,0.0226789510985117
momentum_20,2020-12-15,28.58,717,1.0,2021-02-25,36.86,46,0.2863797454687118,-0.024142757172848084,0.5006997900629813
momentum_20,2021-04-07,32.99,791,1.0,2021-04-12,30.75,3,-0.07035496277108788,-0.11367080933616258,-0.040012124886329214
momentum_20,2021-04-15,29.39,797,1.0,2021-07-15,48.87,61,0.658519594912077,0.023137121469887667,0.7427696495406599
momentum_20,2021-07-16,50.48,859,1.0,2021-09-28,64.74,50,0.27912240084890105,-0.02852614896988903,0.499405705229794
momentum_20,2021-10-18,71.57,918,1.0,2021-11-16,72.62,21,0.012068115537102297,-0.0006986167388570719,0.12826603325415697
momentum_20,2021-11-23,73.83,944,1.0,2021-11-24,67.72,1,-0.08520728274143308,-0.10659623459298395,-0.06189895706352422
momentum_20,2021-12-17,70.47,962,1.0,2021-12-20,68.22,1,-0.03446956893997444,-0.05250461189158506,-0.02440754931176381
momentum_20,2021-12-23,67.37,966,1.0,2021-12-28,66.02,3,-0.022564606801312892,-0.019444856761169693,0.016773044381772184
momentum_20,2022-01-04,67.52,973,1.0,2022-01-05,63.22,1,-0.06616876142180095,-0.1161137440758293,-0.07212677725118477
momentum_20,2022-02-16,55.46,999,1.0,2022-02-17,54.82,1,-0.014117636812116974,-0.009015506671474882,0.031373963216732914
momentum_20,2022-02-24,60.72,1005,1.0,2022-03-24,59.48,20,-0.02294984041269499,-0.08679183135704871,0.037878787878787845
momentum_20,2022-05-16,50.72,1057,1.0,2022-05-17,49.71,1,-0.022475965362775963,-0.023462145110410004,0.009858044164037905
momentum_20,2022-05-18,51.23,1059,1.0,2022-08-12,67.7,61,0.318072365474233,0.017177435096623173,0.4239703298848332
momentum_20,2022-08-16,73.22,1122,1.0,2022-09-16,71.27,22,-0.02914683936246021,-0.026222343621961186,0.12414640808522259
momentum_20,2022-10-27,75.11,1168,1.0,2022-11-01,68.71,3,-0.08758774587093077,-0.07389162561576346,-0.004659832246039053
momentum_20,2022-11-02,70.95,1172,1.0,2022-11-15,68.26,9,-0.040397533035431255,-0.035517970401691246,0.07117688513037357
momentum_20,2022-11-16,70.04,1182,1.0,2022-11-18,66.8,2,-0.04873970458691168,-0.06196459166190749,0.00913763563677894
momentum_20,2022-12-13,68.96,1201,1.0,2022-12-14,68.94,1,-0.0028880611600927697,-0.020301624129930307,-0.01725638051044076
momentum_20,2022-12-16,68.1,1204,1.0,2022-12-22,64.5,4,-0.05533670085522879,-0.1350954478707782,-0.0022026431718060735
momentum_20,2023-01-19,66.81,1227,1.0,2023-02-22,64.8,19,-0.03262726589185927,-0.030085316569375964,0.01781170483460559
momentum_20,2023-02-24,67.3,1248,1.0,2023-02-28,66.3,2,-0.017438807392788358,-0.019167904903417465,-0.005943536404160343
momentum_20,2023-03-13,67.11,1259,1.0,2023-03-15,65.9,2,-0.020590789650356323,-0.03874236328416025,-0.00536432722396063
momentum_20,2023-03-31,62.85,1273,1.0,2023-05-08,65.38,22,0.03758404441614838,0.0014319809069212042,0.11551312649164669
momentum_20,2023-05-16,69.05,1301,1.0,2023-05-18,70.1,2,0.012570755618713125,0.008254887762491059,0.026502534395365762
momentum_20,2023-05-19,70.55,1304,1.0,2023-06-06,65.32,12,-0.07651955015819212,-0.0863217576187102,0.0182849043231752
momentum_20,2023-06-30,68.5,1332,1.0,2023-07-18,65.68,12,-0.04365106402507413,-0.0649635036496351,0.016788321167883202
momentum_20,2023-11-14,45.18,1423,1.0,2023-11-27,41.03,9,-0.09421195426112461,-0.10535635236830454,-0.0019920318725098474
momentum_20,2023-11-30,41.73,1435,1.0,2023-12-04,41.31,2,-0.012632962153561578,-0.02755811167026112,0.004553079319434605
momentum_20,2023-12-29,43.4,1456,1.0,2024-01-08,38.25,5,-0.12096450105263157,-0.13824884792626724,-0.012903225806451535
momentum_20,2024-03-05,35.51,1496,1.0,2024-03-26,33.52,15,-0.05850688249476943,-0.054632497887918796,0.06448887637285261
momentum_20,2024-04-30,33.26,1534,1.0,2024-05-06,33.34,1,-0.00019759788334305917,-0.017739025856885027,-0.009320505111244604
momentum_20,2024-05-10,32.55,1539,1.0,2024-05-13,31.23,1,-0.04307855999999999,-0.03963133640552985,-0.031029185867895492
momentum_20,2024-05-16,31.51,1543,1.0,2024-05-30,32.7,10,0.03508203664821896,-0.005395112662646806,0.07426213900349099
momentum_20,2024-06-13,31.58,1562,1.0,2024-06-21,30.85,6,-0.0256253721578954,-0.03894870170994291,0.05351488283723893
momentum_20,2024-07-23,29.54,1590,1.0,2024-07-24,28.27,1,-0.04551372587677727,-0.0511171293161814,-0.039607312119160354
momentum_20,2024-07-26,28.55,1593,1.0,2024-07-30,27.84,2,-0.02739636569217041,-0.029772329246935292,0.01050788091068311
momentum_20,2024-07-31,27.69,1596,1.0,2024-08-05,28.14,3,0.013651739195265522,-0.019140483929216412,0.05922715781870691
momentum_20,2024-08-08,28.15,1602,1.0,2024-08-09,28.14,1,-0.0029531603552397367,-0.030905861456482997,-0.009591474245115417
momentum_20,2024-09-26,22.73,1635,1.0,2024-10-14,32.55,7,0.42838214884927495,0.053233611966563954,0.6858776946766387
momentum_20,2024-10-15,32.95,1643,1.0,2024-11-06,35.05,16,0.060942441948869774,-0.048254931714719396,0.1301972685887709
momentum_20,2024-11-11,36.45,1662,1.0,2024-11-19,34.48,6,-0.05643719811907899,-0.05733882030178339,0.09958847736625498
momentum_20,2024-11-22,34.95,1671,1.0,2024-11-25,33.45,1,-0.04543976171673825,-0.04492131616595141,-0.04005722460658101
momentum_20,2024-12-02,33.95,1677,1.0,2024-12-04,35.3,2,0.03707641605655909,0.008836524300441795,0.02680412371134011
momentum_20,2024-12-24,33.15,1693,1.0,2024-12-26,32.33,2,-0.027261044833127634,-0.02051282051282055,0.014479638009049944
momentum_20,2025-02-10,31.87,1720,1.0,2025-03-27,32.78,33,0.02586844634151042,-0.055224348917477295,0.09507373705679312
momentum_20,2025-05-09,28.36,1780,1.0,2025-05-15,28.08,4,-0.012450451011973951,-0.030677009873060657,-0.0003526093088856985
momentum_20,2025-05-23,28.14,1790,1.0,2025-05-26,27.68,1,-0.018915972935323433,-0.02238805970149249,-0.02025586353944564
momentum_20,2025-05-30,27.16,1795,1.0,2025-06-03,26.65,1,-0.021342374432989808,-0.014359351988218028,-0.012886597938144395
momentum_20,2025-07-01,26.93,1816,1.0,2025-07-04,27.24,3,0.008884050790171072,-0.004827330115113271,0.013739324173783984
momentum_20,2025-07-09,27.91,1822,1.0,2025-08-11,27.95,23,-0.0011751688683712125,-0.023289143676101687,0.04120386958079547
momentum_20,2025-08-12,28.51,1846,1.0,2025-10-20,38.35,43,0.3416481280556505,-0.011224131883549648,0.66292528937215
momentum_20,2025-10-21,38.91,1890,1.0,2025-10-29,39.22,6,0.005375217522758602,0.007967103572346534,0.07761500899511709
momentum_20,2025-10-30,40.56,1897,1.0,2025-11-03,38.85,2,-0.04467329192285108,-0.04215976331360949,-0.02785996055226836
momentum_20,2025-11-17,39.39,1909,1.0,2025-11-18,38.07,1,-0.03604928353389192,-0.06879918761106885,-0.03021071337903014
momentum_20,2025-12-22,34.83,1934,1.0,2026-02-13,52.05,37,0.49058959199796304,0.05081826012058577,0.7817973011771462
momentum_20,2026-02-24,52.15,1972,1.0,2026-03-09,46.53,9,-0.11009036773583036,-0.10853307766059439,0.0724832214765101
momentum_20,2026-03-10,47.15,1982,1.0,2026-03-12,47.56,2,0.006092859821761554,-0.0042417815482501675,0.02396606574761395
momentum_20,2026-04-17,44.51,2009,1.0,2026-04-21,45.19,2,0.01266238606400294,0.002696023365535982,0.03414962929678733
momentum_20,2026-04-23,44.91,2013,1.0,2026-04-24,43.22,1,-0.0401616417189935,-0.033845468715208105,-0.03273213092852367
momentum_20,2026-04-27,43.37,2015,1.0,2026-04-28,41.04,1,-0.05622562940281295,-0.07470601798478205,-0.008531242794558414
momentum_20,2026-04-30,41.67,2018,1.0,2026-06-02,47.98,20,0.14846613226540106,0.019198464122870185,0.36069114470842334
momentum_20,2026-06-03,48.01,2039,1.0,2026-06-09,46.46,4,-0.03480300133417813,-0.04686523640908147,0.10706102895230152
